Building_Type,Consumption_Energy_Usage,Consumption_Energy_Ur_Consumption,Occupants,Floor_Area,Energy_Efficiency_Rating,Energy_per_Occupant,Energy_per_FloorArea
Commercial,332.15,37.44,16,2930,B,20.759375,0.1133617747440273
Industrial,234.68,109.89,53,1122,B,4.427924528301887,0.20916221033868093
Commercial,320.71,48.0,269,4852,A,1.1922304832713755,0.066098516075845
Industrial,66.93,126.21,219,4069,A,0.3056164383561644,0.01644875890882281
Industrial,107.63,53.15,76,894,C,1.4161842105263158,0.12039149888143176
Commercial,466.13,134.53,16,1922,C,29.133125,0.24252341311134235
Residential,121.47,72.6,272,1448,A,0.4465808823529412,0.08388812154696132
Residential,469.97,62.97,109,1564,B,4.31165137614679,0.3004923273657289
Commercial,114.02,17.85,295,1512,A+,0.3865084745762712,0.07541005291005291
Residential,382.46,58.63,187,3977,B,2.0452406417112297,0.09616796580336937
Commercial,476.42,107.83,118,4676,C,4.037457627118644,0.10188622754491018
Residential,203.0,86.76,111,1162,C,1.8288288288288288,0.1746987951807229
Industrial,228.48,126.42,33,811,B,6.923636363636363,0.28172626387176325
Commercial,316.15,57.31,98,2451,C,3.226020408163265,0.12898816809465524
Industrial,385.47,46.48,91,1978,B,4.2359340659340665,0.19487866531850356
Commercial,353.11,34.38,229,569,B,1.5419650655021835,0.6205799648506152
Industrial,192.87,57.97,66,3268,B,2.9222727272727274,0.05901774785801714
Industrial,275.61,61.36,91,4910,A,3.028681318681319,0.05613238289205703
Commercial,120.71,54.29,9,1510,A,13.412222222222221,0.07994039735099337
Residential,80.6,8.31,55,2188,B,1.4654545454545453,0.036837294332723945
Commercial,436.7,14.42,49,1688,C,8.912244897959184,0.2587085308056872
Residential,340.59,13.47,288,1318,C,1.1826041666666667,0.2584142640364188
Industrial,127.01,47.63,206,1587,A,0.6165533980582525,0.08003150598613737
Residential,386.68,12.34,15,1607,A,25.778666666666666,0.24062227753578097
Industrial,493.4,57.7,213,4571,C,2.316431924882629,0.10794136950339094
Industrial,290.43,126.28,39,657,C,7.446923076923077,0.44205479452054797
Commercial,435.75,38.21,5,2280,C,87.15,0.19111842105263158
Commercial,282.97,113.86,243,846,A,1.1644855967078191,0.3344799054373523
Residential,406.58,45.64,257,3461,A,1.5820233463035018,0.1174747182895117
Industrial,416.18,12.77,261,2731,B,1.59455938697318,0.15239106554375687
Residential,434.12,28.19,226,4782,A,1.9208849557522125,0.09078209953994144
Residential,454.79,118.76,221,2866,A+,2.057873303167421,0.15868457780879275
Residential,459.66,104.23,192,2145,A,2.3940625,0.2142937062937063
Residential,112.93,91.2,193,4037,A+,0.5851295336787565,0.027973742878375032
Industrial,240.07,62.44,12,1996,B,20.00583333333333,0.1202755511022044
Industrial,217.59,63.79,158,560,A,1.3771518987341773,0.38855357142857144
Commercial,188.69,142.39,156,1378,B,1.209551282051282,0.13693033381712627
Commercial,115.71,60.97,219,2420,A+,0.5283561643835616,0.047814049586776854
Commercial,142.7,128.79,48,3195,B,2.9729166666666664,0.04466353677621283
Residential,368.35,103.62,134,4885,B,2.7488805970149257,0.07540429887410441
Commercial,235.92,74.52,194,3344,A,1.2160824742268042,0.07055023923444975
Residential,436.74,55.78,296,3700,B,1.475472972972973,0.11803783783783783
Residential,250.04,128.2,17,705,A+,14.708235294117646,0.35466666666666663
Residential,323.16,86.54,8,4562,A+,40.395,0.07083735203857958
Commercial,154.94,132.14,3,2319,B,51.64666666666667,0.0668132815868909
Commercial,53.33,138.68,122,1056,C,0.4371311475409836,0.05050189393939394
Industrial,175.92,75.72,192,3646,B,0.9162499999999999,0.04825013713658804
Residential,304.47,50.76,86,3418,A+,3.5403488372093026,0.08907840842598011
Residential,250.81,122.48,224,1873,A,1.1196875,0.13390816871329417
Residential,316.04,131.65,198,4282,C,1.5961616161616163,0.07380663241475946
Industrial,369.72,110.8,158,3438,A+,2.3400000000000003,0.10753926701570682
Commercial,214.26,20.64,221,2655,A,0.9695022624434388,0.0807005649717514
Industrial,78.01,86.97,187,1600,A,0.4171657754010695,0.04875625
Commercial,308.03,136.91,134,1479,C,2.298731343283582,0.20826910074374574
Industrial,216.57,48.28,200,2302,A,1.0828499999999999,0.09407906168549088
Industrial,376.55,66.86,27,560,B,13.946296296296296,0.6724107142857143
Industrial,439.43,101.84,287,4153,C,1.5311149825783972,0.10581025764507584
Residential,270.98,9.67,187,2880,B,1.4490909090909092,0.09409027777777779
Commercial,260.3,146.56,40,1202,B,6.5075,0.21655574043261233
Residential,260.09,75.4,184,2556,B,1.4135326086956521,0.10175665101721439
Residential,400.13,99.15,254,4900,A+,1.5753149606299213,0.08165918367346939
Industrial,317.58,134.83,212,2751,B,1.4980188679245283,0.11544165757906215
Commercial,221.44,21.71,172,4905,C,1.2874418604651163,0.04514576962283384
Industrial,398.87,79.5,99,3818,B,4.028989898989899,0.1044709271870089
Industrial,99.13,85.8,51,2000,A+,1.9437254901960783,0.049565
Residential,93.21,81.64,59,4792,C,1.579830508474576,0.01945116861435726
Residential,453.93,27.78,92,4588,A+,4.934021739130435,0.09893853530950306
Industrial,267.46,61.78,249,2668,C,1.074136546184739,0.10024737631184406
Industrial,260.6,94.91,17,1399,B,15.329411764705883,0.18627591136526092
Industrial,151.49,76.73,266,642,A,0.5695112781954887,0.23596573208722743
Industrial,192.4,92.94,285,4152,A+,0.6750877192982456,0.04633911368015414
Commercial,481.82,63.4,61,2040,C,7.898688524590164,0.23618627450980392
Residential,331.36,136.06,207,3645,A+,1.6007729468599035,0.09090809327846365
Residential,133.06,68.58,118,1716,C,1.1276271186440678,0.07754079254079255
Industrial,151.23,75.61,8,949,A,18.90375,0.1593572181243414
Residential,253.49,52.87,100,4014,A,2.5349,0.06315146985550574
Commercial,390.06,22.72,249,3535,C,1.5665060240963855,0.11034229137199435
Industrial,265.54,121.17,73,2587,B,3.637534246575343,0.1026439891766525
Commercial,428.78,5.06,205,2218,A+,2.091609756097561,0.19331830477908024
Industrial,187.74,76.73,271,3551,B,0.6927675276752768,0.05286961419318502
Commercial,407.55,48.05,205,2805,C,1.9880487804878049,0.14529411764705882
Residential,374.18,24.2,153,1027,A+,2.4456209150326798,0.3643427458617332
Industrial,206.87,42.97,283,4980,B,0.7309893992932862,0.04154016064257028
Residential,251.49,48.62,37,3396,B,6.797027027027028,0.0740547703180212
Residential,127.81,61.73,186,2639,C,0.6871505376344086,0.04843122394846533
Commercial,184.69,38.3,177,3232,B,1.043446327683616,0.057144183168316834
Residential,465.75,70.23,203,1283,B,2.294334975369458,0.36301636788776304
Residential,111.65,144.9,82,1320,C,1.3615853658536585,0.08458333333333334
Commercial,375.03,71.96,52,3895,B,7.212115384615384,0.09628498074454428
Residential,393.54,84.78,42,4835,A,9.370000000000001,0.08139400206825233
Industrial,199.99,117.07,229,4788,A+,0.8733187772925765,0.04176900584795322
Residential,376.22,23.66,53,695,A+,7.098490566037737,0.5413237410071943
Residential,419.47,109.31,262,3851,A+,1.601030534351145,0.10892495455725786
Residential,493.28,82.95,70,2230,A+,7.046857142857142,0.22120179372197307
Residential,172.58,148.28,157,1385,B,1.099235668789809,0.12460649819494586
Residential,152.08,14.57,239,1558,C,0.6363179916317993,0.09761232349165598
Commercial,369.38,68.76,170,4806,B,2.172823529411765,0.07685809404910528
Residential,179.21,61.16,19,3298,A+,9.432105263157895,0.05433899332929048
Industrial,465.87,133.71,183,2460,C,2.5457377049180328,0.1893780487804878
Residential,292.11,48.85,196,4678,A+,1.490357142857143,0.06244335185976913
Industrial,359.66,117.84,150,2710,B,2.3977333333333335,0.1327158671586716
Industrial,224.69,7.44,170,3061,C,1.321705882352941,0.07340411630186214
Commercial,164.39,54.73,7,2758,C,23.48428571428571,0.05960478607686729
Residential,293.14,79.11,193,2904,B,1.518860103626943,0.1009435261707989
Residential,298.27,43.78,266,4018,C,1.121315789473684,0.07423344947735191
Industrial,456.68,53.52,148,4152,C,3.0856756756756756,0.10999036608863198
Commercial,336.89,30.32,9,1147,C,37.43222222222222,0.2937140366172624
Residential,188.11,125.82,44,1619,C,4.275227272727273,0.11618900555898704
Commercial,116.6,96.24,7,3420,C,16.657142857142855,0.03409356725146199
Residential,411.91,56.06,296,3056,B,1.391587837837838,0.13478730366492148
Industrial,202.95,80.93,294,3219,A,0.6903061224489796,0.0630475302889096
Residential,480.02,131.48,9,1453,B,53.33555555555555,0.33036476256022024
Industrial,355.35,54.46,267,2837,B,1.3308988764044944,0.12525555163905536
Residential,121.68,68.15,25,4072,B,4.8672,0.02988212180746562
Commercial,218.0,75.72,6,1280,B,36.333333333333336,0.1703125
Industrial,229.74,47.86,248,4900,B,0.9263709677419355,0.04688571428571429
Industrial,118.05,87.59,179,4403,A+,0.6594972067039105,0.026811265046559164
Commercial,155.89,39.08,252,572,B,0.6186111111111111,0.272534965034965
Residential,227.65,132.94,146,3274,A+,1.5592465753424658,0.06953268173488088
Commercial,371.03,121.56,147,2766,C,2.524013605442177,0.1341395516992046
Residential,488.94,20.42,173,2283,A,2.8262427745664738,0.21416557161629435
Industrial,150.78,72.35,42,1647,A,3.59,0.09154826958105647
Residential,233.33,12.46,177,1778,A+,1.3182485875706216,0.13123172103487066
Commercial,468.61,39.12,222,4184,A,2.110855855855856,0.11200047801147228
Industrial,63.62,33.56,259,2293,C,0.24563706563706564,0.02774531181857828
Commercial,164.95,148.74,185,526,A+,0.8916216216216215,0.3135931558935361
Commercial,485.77,26.07,292,1243,A,1.663595890410959,0.39080450522928395
Industrial,370.69,146.72,10,2898,C,37.069,0.12791235334713597
Commercial,379.2,131.98,283,4577,A,1.339929328621908,0.08284902774743282
Industrial,312.53,132.9,293,4608,B,1.066655290102389,0.06782335069444444
Commercial,261.12,53.03,121,1209,A+,2.1580165289256197,0.2159801488833747
Residential,153.93,73.08,276,3409,A,0.5577173913043478,0.04515400410677618
Industrial,387.46,129.1,260,1777,A+,1.4902307692307692,0.21804164321890826
Residential,155.65,107.06,74,4588,B,2.1033783783783786,0.033925457715780295
Commercial,200.09,137.79,122,2952,A+,1.6400819672131148,0.06778116531165312
Commercial,482.09,74.74,168,2018,B,2.8695833333333334,0.23889494549058474
Residential,482.51,83.27,83,510,B,5.813373493975903,0.9460980392156862
Industrial,345.63,8.83,127,702,C,2.721496062992126,0.49235042735042733
Industrial,142.14,137.22,154,1506,A,0.9229870129870129,0.0943824701195219
Industrial,366.19,31.3,116,2564,A+,3.156810344827586,0.1428198127925117
Industrial,386.16,25.35,90,3863,A+,4.290666666666667,0.09996375873673312
Residential,100.49,16.48,120,1778,B,0.8374166666666666,0.0565185601799775
Residential,477.58,9.82,1,3941,A+,477.58,0.1211824410048211
Industrial,347.41,72.87,207,3007,A,1.6783091787439615,0.1155337545726638
Commercial,302.87,111.96,90,2463,A+,3.365222222222222,0.12296792529435648
Industrial,374.69,34.32,207,4835,A,1.8100966183574878,0.07749534643226473
Residential,194.57,44.13,224,3543,A,0.8686160714285714,0.054916737228337564
Industrial,71.52,48.44,101,4315,C,0.7081188118811881,0.016574739281575896
Residential,441.16,121.06,256,949,A+,1.72328125,0.46486828240252903
Industrial,241.09,118.65,151,4264,A,1.5966225165562915,0.056540806754221386
Residential,492.85,101.93,109,1056,C,4.521559633027523,0.46671401515151517
Industrial,307.92,74.48,113,1353,C,2.7249557522123897,0.22758314855875833
Residential,213.5,41.76,37,2788,B,5.77027027027027,0.07657819225251077
Commercial,78.31,36.84,147,2897,C,0.5327210884353741,0.027031411805315844
Commercial,458.92,21.62,285,3489,A,1.6102456140350878,0.13153339065634853
Industrial,409.2,33.25,234,3031,B,1.7487179487179487,0.1350049488617618
Industrial,312.81,88.29,86,1470,B,3.637325581395349,0.21279591836734693
Residential,98.97,97.98,267,3465,B,0.3706741573033708,0.028562770562770564
Commercial,363.09,108.61,222,4282,C,1.6355405405405403,0.08479448855674918
Industrial,85.91,80.5,220,2558,A+,0.39049999999999996,0.03358483189992181
Industrial,95.95,80.04,201,1242,C,0.477363184079602,0.07725442834138486
Residential,69.77,86.27,76,2273,B,0.9180263157894736,0.030695116586009676
Residential,342.25,80.55,152,2639,A,2.2516447368421053,0.12968927624100038
Commercial,173.23,24.91,30,2942,A,5.774333333333333,0.05888171312032631
Industrial,399.2,136.64,117,2978,A,3.411965811965812,0.13404969778374748
Commercial,214.68,117.66,190,994,A,1.1298947368421053,0.2159758551307847
Residential,74.57,76.6,231,3017,B,0.3228138528138528,0.024716605899900563
Commercial,130.54,96.13,276,4445,C,0.4729710144927536,0.029367829021372326
Residential,116.8,116.73,135,4909,B,0.8651851851851852,0.0237930332043186
Commercial,123.56,17.44,159,2175,A,0.7771069182389937,0.056809195402298854
Industrial,316.81,60.95,132,3080,B,2.4000757575757574,0.10286038961038961
Residential,422.82,11.28,170,4630,C,2.4871764705882353,0.0913218142548596
Commercial,58.21,20.44,83,1345,A,0.7013253012048193,0.04327881040892193
Commercial,183.13,98.18,129,1829,A,1.419612403100775,0.10012575177692729
Industrial,473.15,75.07,30,1564,A,15.771666666666667,0.3025255754475703
Industrial,392.16,58.35,96,1646,A,4.085,0.2382503037667072
Commercial,440.28,73.03,156,1757,A,2.822307692307692,0.25058622652248147
Industrial,155.62,17.67,88,1834,A+,1.768409090909091,0.08485278080697928
Residential,337.36,47.29,69,4606,B,4.889275362318841,0.07324359531046462
Commercial,390.95,139.35,173,653,A+,2.2598265895953755,0.598698315467075
Residential,306.55,103.02,201,3302,A+,1.5251243781094528,0.09283767413688673
Residential,158.12,49.61,215,2922,C,0.7354418604651163,0.054113620807665984
Commercial,215.4,8.79,85,3298,A+,2.5341176470588236,0.0653123104912068
Commercial,125.66,26.69,231,1336,B,0.543982683982684,0.0940568862275449
Commercial,305.49,37.64,210,1608,A,1.4547142857142858,0.1899813432835821
Commercial,348.55,19.41,134,988,A,2.601119402985075,0.3527834008097166
Commercial,269.11,10.54,3,2056,B,89.70333333333333,0.13089007782101167
Industrial,66.7,103.26,173,567,C,0.3855491329479769,0.11763668430335097
Commercial,247.63,107.4,44,3878,A+,5.627954545454545,0.06385507993811243
Industrial,144.92,11.35,234,3929,A,0.6193162393162392,0.03688470348689234
Residential,313.38,73.3,7,4683,C,44.76857142857143,0.06691864189622038
Commercial,126.05,52.96,270,4655,C,0.46685185185185185,0.027078410311493016
Residential,88.22,45.16,137,1046,B,0.6439416058394161,0.08434034416826004
Residential,114.85,111.21,147,2010,B,0.7812925170068027,0.05713930348258706
Industrial,195.74,10.8,155,4233,A+,1.2628387096774194,0.04624143633356957
Residential,234.98,133.47,121,4852,B,1.9419834710743802,0.048429513602638086
Industrial,494.69,96.7,27,4176,C,18.32185185185185,0.1184602490421456
Residential,162.76,121.64,281,3444,A,0.5792170818505338,0.04725900116144018
Commercial,400.19,41.71,74,1381,B,5.407972972972973,0.2897827661115134
Residential,287.43,126.49,64,3300,A+,4.49109375,0.0871
Commercial,308.27,144.49,122,906,B,2.5268032786885244,0.34025386313465783
Industrial,124.25,123.12,239,2095,A,0.5198744769874477,0.059307875894988066
Commercial,277.78,44.68,279,4165,C,0.9956272401433691,0.06669387755102041
Commercial,139.62,149.79,188,3899,A,0.7426595744680852,0.03580918184149782
Residential,97.39,43.95,75,1126,B,1.2985333333333333,0.08649200710479574
Industrial,369.78,93.71,87,2788,A+,4.250344827586207,0.13263271162123386
Residential,433.05,95.3,148,3319,C,2.9260135135135137,0.13047604700210907
Industrial,153.07,65.54,86,3180,C,1.7798837209302325,0.04813522012578616
Commercial,471.51,36.58,150,4276,A+,3.1433999999999997,0.1102689429373246
Industrial,133.65,132.73,265,2123,B,0.5043396226415094,0.06295336787564768
Commercial,339.32,145.85,264,2680,A+,1.2853030303030302,0.12661194029850745
Industrial,466.81,90.71,232,706,C,2.0121120689655174,0.6612039660056658
Residential,125.65,16.33,143,2485,A,0.8786713286713287,0.05056338028169014
Residential,356.96,140.96,177,1088,A,2.016723163841808,0.3280882352941176
Industrial,311.38,125.23,262,2160,C,1.188473282442748,0.1441574074074074
Industrial,443.34,118.94,244,4400,A+,1.816967213114754,0.10075909090909091
Commercial,479.12,54.56,25,3912,A+,19.1648,0.12247443762781186
Commercial,421.3,105.52,168,1766,A,2.5077380952380954,0.2385617214043035
Commercial,127.75,21.35,69,938,A+,1.8514492753623188,0.13619402985074627
Commercial,461.5,6.71,266,4617,B,1.7349624060150375,0.09995668182802686
Commercial,334.84,141.13,50,2065,A+,6.6968,0.1621501210653753
Residential,408.21,68.52,5,3282,A,81.642,0.12437842778793418
Industrial,446.07,10.68,120,1697,A+,3.71725,0.262857984678845
Residential,99.63,97.7,148,1206,B,0.6731756756756756,0.08261194029850746
Commercial,71.67,148.93,184,2126,A+,0.3895108695652174,0.033711194731890874
Industrial,239.07,65.84,212,4880,B,1.127688679245283,0.048989754098360656
Residential,345.15,37.18,140,2404,A+,2.4653571428571426,0.14357321131447587
Commercial,66.45,134.28,9,4369,A,7.383333333333334,0.01520943007553216
Industrial,320.21,141.58,137,1490,C,2.3372992700729927,0.21490604026845636
Residential,150.78,133.55,183,4734,A+,0.8239344262295082,0.03185044359949303
Commercial,322.28,134.47,144,1175,A,2.2380555555555555,0.27428085106382977
Industrial,415.31,114.83,266,1153,C,1.5613157894736842,0.36019947961838683
Residential,79.77,93.27,156,3663,A+,0.5113461538461538,0.021777231777231777
Residential,155.42,79.44,30,2840,A,5.180666666666666,0.054725352112676054
Industrial,246.54,48.36,289,2425,A+,0.8530795847750865,0.1016659793814433
Industrial,306.25,66.48,226,2632,B,1.3550884955752212,0.1163563829787234
Residential,126.86,74.18,229,2120,A+,0.5539737991266376,0.05983962264150943
Commercial,335.59,146.35,40,2374,A,8.38975,0.14136057287278853
Industrial,94.06,106.35,252,3762,A,0.3732539682539683,0.025002658160552898
Industrial,80.53,93.46,111,2738,C,0.7254954954954955,0.02941197954711468
Commercial,457.62,33.66,73,4434,A+,6.268767123287671,0.10320703653585928
Commercial,211.08,27.18,291,3858,A+,0.725360824742268,0.05471228615863142
Industrial,87.05,37.94,162,3931,A+,0.5373456790123456,0.022144492495548205
Industrial,215.07,111.29,39,3346,A,5.514615384615384,0.06427674835624626
Residential,395.2,67.7,79,4282,B,5.00253164556962,0.09229332087809435
Industrial,215.58,107.22,40,2891,C,5.3895,0.07456935316499481
Industrial,290.77,127.0,156,3568,A,1.8639102564102563,0.08149383408071749
Residential,134.13,76.1,264,1050,A,0.5080681818181818,0.12774285714285713
Industrial,64.3,129.68,248,907,A+,0.2592741935483871,0.07089305402425579
Industrial,284.85,41.13,200,664,A+,1.42425,0.42899096385542174
Residential,311.79,109.7,126,2354,A+,2.47452380952381,0.13245114698385727
Industrial,364.35,59.89,113,3934,C,3.224336283185841,0.09261565836298934
Commercial,356.46,43.23,158,2749,A,2.2560759493670886,0.12966897053473989
Residential,438.86,85.23,52,3173,C,8.439615384615385,0.13831074692719825
Residential,360.48,5.72,39,4330,A,9.243076923076924,0.08325173210161663
Industrial,330.21,91.82,145,2039,A+,2.277310344827586,0.16194703285924472
Industrial,267.0,70.37,282,537,B,0.9468085106382979,0.4972067039106145
Commercial,329.42,32.16,298,2984,A+,1.1054362416107384,0.11039544235924934
Industrial,354.3,109.87,189,3310,A,1.8746031746031746,0.10703927492447131
Industrial,317.55,59.12,262,3461,A,1.2120229007633587,0.091750939034961
Residential,358.65,99.2,173,1506,A,2.073121387283237,0.2381474103585657
Commercial,113.04,134.28,138,994,A,0.8191304347826087,0.11372233400402415
Commercial,414.87,137.22,176,3936,B,2.3572159090909093,0.10540396341463415
Industrial,71.78,117.27,90,4926,B,0.7975555555555556,0.014571660576532685
Industrial,297.99,46.17,56,1083,A+,5.32125,0.27515235457063714
Residential,314.14,133.42,139,4346,C,2.26,0.07228255867464335
Industrial,488.55,90.19,166,2989,A+,2.9430722891566266,0.16344931415189026
Commercial,380.47,105.84,273,2466,C,1.3936630036630038,0.15428629359286294
Residential,186.36,76.05,52,2895,C,3.583846153846154,0.06437305699481866
Industrial,144.5,58.22,181,1269,C,0.7983425414364641,0.11386918833727344
Industrial,451.34,14.87,6,2582,B,75.22333333333333,0.17480247869868318
Residential,429.69,124.29,75,1907,A,5.7292,0.22532249606712113
Residential,308.33,121.23,221,685,C,1.3951583710407238,0.45011678832116786
Commercial,274.75,33.29,121,3829,B,2.270661157024793,0.07175502742230347
Commercial,304.77,34.25,127,743,B,2.399763779527559,0.41018842530282634
Commercial,282.56,114.27,200,3482,B,1.4128,0.08114876507754164
Industrial,111.19,116.83,21,869,B,5.294761904761905,0.12795166858458
Residential,309.25,42.7,284,2079,A+,1.0889084507042253,0.14874939874939874
Commercial,190.87,127.23,195,2419,A,0.9788205128205129,0.07890450599421249
Residential,324.47,143.07,2,2361,C,162.235,0.137429055484964
Residential,289.89,10.76,9,2169,C,32.21,0.13365145228215766
Industrial,244.81,19.66,5,3352,A+,48.962,0.07303400954653938
Commercial,266.27,29.53,194,1877,A,1.3725257731958762,0.14185935002663824
Commercial,72.86,139.21,52,1594,C,1.4011538461538462,0.045708908406524466
Industrial,298.07,34.34,240,4568,B,1.2419583333333333,0.06525175131348511
Industrial,262.64,17.93,131,4931,C,2.004885496183206,0.05326302981139728
Residential,66.92,32.5,278,967,A+,0.24071942446043165,0.06920372285418822
Industrial,227.68,48.53,26,4627,A,8.756923076923076,0.049206829479144155
Commercial,208.43,113.66,260,3949,B,0.8016538461538462,0.05278045074702457
Commercial,144.83,112.22,234,1144,A,0.6189316239316239,0.12659965034965037
Commercial,456.7,51.99,19,3860,C,24.03684210526316,0.1183160621761658
Industrial,194.79,72.98,23,3140,A+,8.469130434782608,0.062035031847133756
Residential,277.53,106.98,142,1220,A,1.9544366197183096,0.22748360655737704
Residential,123.14,12.09,251,4460,B,0.49059760956175297,0.027609865470852018
Commercial,308.01,103.21,80,3977,A,3.850125,0.07744782499371385
Commercial,353.7,78.58,27,3141,C,13.1,0.11260744985673352
Industrial,406.98,73.15,122,3372,A,3.3359016393442626,0.12069395017793595
Industrial,90.88,60.89,57,2981,A,1.5943859649122807,0.03048641395504864
Commercial,147.42,138.07,74,3926,A,1.992162162162162,0.03754966887417218
Industrial,75.53,50.87,89,3369,C,0.8486516853932584,0.022419115464529533
Residential,364.2,66.54,171,3192,A,2.1298245614035087,0.11409774436090225
Industrial,269.46,104.55,229,4404,B,1.1766812227074235,0.06118528610354223
Commercial,66.41,61.93,132,2199,B,0.5031060606060606,0.030200090950432013
Industrial,392.35,15.91,117,4656,A,3.3534188034188035,0.0842676116838488
Industrial,350.3,80.9,23,1300,C,15.230434782608697,0.2694615384615385
Commercial,164.46,17.35,114,1557,B,1.4426315789473685,0.10562620423892101
Residential,258.31,111.81,186,2950,A+,1.388763440860215,0.08756271186440678
Residential,170.99,41.89,60,796,C,2.8498333333333337,0.21481155778894473
Industrial,490.27,9.88,80,4489,A,6.128375,0.10921586099353976
Residential,365.73,110.35,258,4670,A+,1.4175581395348837,0.07831477516059958
Industrial,267.93,115.89,279,3154,A+,0.9603225806451613,0.08494927076727965
Commercial,287.82,142.85,227,1079,A+,1.2679295154185022,0.26674698795180724
Residential,158.99,8.67,104,852,C,1.52875,0.18660798122065728
Residential,321.51,31.15,43,4772,A+,7.476976744186047,0.0673742665549036
Commercial,237.14,19.39,203,682,A+,1.1681773399014779,0.3477126099706745
Residential,489.17,93.46,104,3022,A,4.703557692307692,0.1618696227663799
Commercial,119.32,113.29,223,2717,C,0.535067264573991,0.04391608391608391
Industrial,402.0,125.51,55,1613,B,7.3090909090909095,0.24922504649721017
Commercial,167.55,83.42,287,4429,A,0.5837979094076655,0.03783020997967939
Residential,152.96,42.06,9,2066,B,16.995555555555555,0.07403678606001937
Residential,182.68,113.6,146,4342,B,1.2512328767123289,0.04207277752187932
Residential,421.46,51.65,133,1101,A+,3.1688721804511277,0.38279745685740235
Residential,487.72,107.84,239,594,A+,2.040669456066946,0.8210774410774411
Residential,244.6,129.65,73,2477,A+,3.350684931506849,0.09874848607186112
Residential,83.03,80.73,242,1136,C,0.343099173553719,0.07308978873239437
Commercial,457.49,72.07,20,4206,B,22.8745,0.10877080361388493
Commercial,313.26,41.53,197,2197,B,1.5901522842639593,0.1425853436504324
Commercial,135.54,5.65,232,4221,A,0.5842241379310344,0.03211087420042644
Commercial,422.13,101.67,220,4163,A+,1.9187727272727273,0.10140043238049483
Industrial,259.99,62.96,48,4650,B,5.416458333333334,0.05591182795698925
Industrial,241.11,69.0,78,1045,A+,3.0911538461538464,0.23072727272727275
Commercial,145.78,122.89,275,2535,A,0.5301090909090909,0.0575069033530572
Residential,130.69,23.35,124,4459,C,1.0539516129032258,0.029309262166405024
Residential,134.42,93.2,242,2782,A+,0.5554545454545454,0.04831775700934579
Commercial,70.8,54.97,65,3890,A+,1.0892307692307692,0.01820051413881748
Industrial,96.48,24.35,54,2828,A,1.7866666666666668,0.03411598302687412
Commercial,170.05,31.69,132,2877,C,1.2882575757575758,0.05910670837678137
Residential,213.42,39.95,262,796,C,0.8145801526717557,0.26811557788944723
Industrial,94.46,44.15,132,3753,B,0.7156060606060606,0.02516919797495337
Commercial,474.2,135.53,238,2594,C,1.992436974789916,0.1828064764841943
Commercial,389.11,66.42,120,899,A,3.2425833333333336,0.432825361512792
Residential,145.92,50.93,49,2192,A+,2.977959183673469,0.06656934306569343
Commercial,275.18,85.35,115,2919,B,2.3928695652173912,0.09427201096265844
Industrial,191.25,61.9,272,924,B,0.703125,0.2069805194805195
Residential,301.01,120.04,95,1354,A+,3.1685263157894736,0.2223116691285081
Residential,351.47,79.9,186,4632,B,1.8896236559139787,0.0758786701208981
Industrial,152.58,60.4,260,2897,A+,0.5868461538461539,0.05266827752847774
Commercial,456.54,71.58,23,4497,C,19.849565217391305,0.10152101400933956
Industrial,100.34,82.82,47,3888,C,2.1348936170212767,0.02580761316872428
Residential,100.03,74.27,119,1679,A,0.8405882352941176,0.05957712924359738
Residential,319.11,58.81,219,1474,B,1.457123287671233,0.21649253731343285
Residential,153.74,43.89,87,3658,A,1.7671264367816093,0.04202843083652269
Residential,130.69,83.4,213,4856,A+,0.6135680751173709,0.02691309719934102
Residential,359.04,110.96,34,2901,A,10.56,0.12376421923474665
Industrial,232.68,100.77,170,4231,B,1.3687058823529412,0.05499409123138738
Industrial,270.12,26.21,53,2340,C,5.0966037735849055,0.11543589743589744
Industrial,158.8,135.63,272,1117,A,0.5838235294117647,0.14216651745747538
Residential,343.27,57.88,16,837,B,21.454375,0.4101194743130227
Commercial,124.24,98.79,167,1640,C,0.7439520958083832,0.07575609756097561
Residential,122.57,80.55,242,1728,C,0.5064876033057851,0.07093171296296295
Residential,163.56,29.09,268,2684,A,0.6102985074626865,0.060938897168405365
Industrial,127.63,66.43,180,2987,A+,0.7090555555555556,0.0427284901238701
Industrial,451.47,52.07,171,1650,A+,2.6401754385964913,0.2736181818181818
Industrial,158.25,74.32,239,897,C,0.6621338912133892,0.17642140468227424
Residential,327.7,96.17,236,4383,A+,1.3885593220338983,0.07476614191193247
Industrial,467.59,25.43,95,2561,B,4.922,0.18258102303787582
Residential,452.83,5.28,52,4204,A,8.70826923076923,0.10771408182683158
Commercial,320.49,131.99,233,1742,A,1.3754935622317597,0.18397818599311136
Industrial,212.77,71.4,52,1912,A+,4.09173076923077,0.11128138075313808
Industrial,469.2,14.49,91,1915,A+,5.1560439560439555,0.2450130548302872
Residential,353.15,53.51,23,4362,A,15.354347826086956,0.08096056854653828
Commercial,197.68,23.01,151,4621,A+,1.3091390728476822,0.04277861934646181
Commercial,207.32,16.12,247,4273,A,0.8393522267206478,0.04851860519541306
Residential,128.5,124.56,14,2787,C,9.178571428571429,0.04610692500897022
Commercial,463.45,34.76,90,1910,A,5.149444444444445,0.2426439790575916
Commercial,69.98,60.27,5,695,C,13.996,0.1006906474820144
Residential,368.39,139.5,256,1937,B,1.4390234375,0.19018585441404232
Commercial,457.6,70.44,123,570,B,3.720325203252033,0.8028070175438596
Industrial,221.74,148.7,121,1071,C,1.8325619834710745,0.20704014939309057
Industrial,447.29,31.56,27,4083,B,16.566296296296297,0.10954935096742592
Residential,96.68,73.05,188,1235,A+,0.5142553191489362,0.0782834008097166
Commercial,404.85,34.26,38,2804,A+,10.653947368421052,0.1443830242510699
Commercial,419.93,95.46,295,4012,A+,1.4234915254237288,0.10466849451645065
Residential,276.82,104.44,267,4871,A,1.0367790262172285,0.05683021966741942
Residential,465.09,97.19,146,2400,A,3.1855479452054793,0.1937875
Industrial,276.66,130.38,106,704,C,2.6100000000000003,0.39298295454545457
Commercial,487.92,103.9,149,2308,B,3.2746308724832214,0.21140381282495668
Commercial,302.87,148.15,116,3175,A+,2.610948275862069,0.09539212598425197
Residential,499.15,13.23,121,4741,B,4.125206611570248,0.10528369542290655
Industrial,218.48,104.28,283,4785,C,0.7720141342756184,0.04565935214211076
Industrial,373.98,82.49,139,3698,C,2.6905035971223024,0.10113034072471606
Residential,444.22,133.57,182,1098,C,2.440769230769231,0.40457194899817855
Industrial,395.48,7.05,238,3868,A,1.6616806722689077,0.1022440537745605
Commercial,152.15,147.03,208,4536,C,0.7314903846153846,0.03354276895943563
Commercial,457.78,19.11,72,716,A+,6.358055555555556,0.6393575418994413
Commercial,171.17,56.16,163,1773,C,1.050122699386503,0.09654258319232938
Commercial,191.86,137.51,150,4256,B,1.2790666666666668,0.045079887218045116
Industrial,416.36,105.01,172,1951,A+,2.4206976744186046,0.21340850845720144
Commercial,394.32,50.69,68,3627,B,5.798823529411765,0.10871794871794871
Commercial,176.53,49.24,258,647,A,0.6842248062015504,0.2728438948995363
Commercial,382.4,63.47,76,3947,A+,5.031578947368421,0.09688370914618698
Residential,345.47,137.16,11,2439,C,31.40636363636364,0.14164411644116442
Industrial,231.65,143.03,78,2752,A+,2.969871794871795,0.08417514534883722
Industrial,432.08,132.94,209,1868,A+,2.0673684210526315,0.23130620985010705
Residential,261.79,8.08,220,814,A,1.1899545454545455,0.32160933660933666
Residential,350.6,115.92,6,1373,A,58.43333333333334,0.25535324107793156
Commercial,487.1,29.42,111,1787,A,4.3882882882882885,0.27257974258533857
Residential,455.08,29.84,83,1569,A+,5.48289156626506,0.290044614404079
Commercial,458.19,73.79,82,4706,A,5.5876829268292685,0.09736294092647683
Industrial,347.98,10.25,61,1712,A,5.7045901639344265,0.20325934579439253
Residential,437.77,5.37,75,1751,A+,5.8369333333333335,0.25001142204454596
Residential,277.32,117.65,46,716,B,6.028695652173913,0.38731843575418995
Residential,151.66,104.57,101,4742,B,1.5015841584158416,0.03198228595529312
Residential,459.1,21.89,214,1100,C,2.1453271028037384,0.4173636363636364
Commercial,97.99,139.83,157,1111,A+,0.624140127388535,0.08819981998199819
Residential,189.17,141.3,288,1189,A,0.6568402777777778,0.1591000841042893
Industrial,190.97,102.11,29,2052,B,6.585172413793104,0.09306530214424952
Residential,389.18,124.54,298,3199,A,1.3059731543624162,0.12165676773991872
Commercial,363.02,107.02,58,4032,C,6.258965517241379,0.09003472222222222
Residential,398.88,134.48,59,4127,A,6.760677966101695,0.09665132057184396
Residential,74.29,87.36,127,2551,A+,0.5849606299212599,0.029121912975303806
Residential,129.4,108.24,255,2541,C,0.5074509803921569,0.05092483274301456
Industrial,473.95,38.1,290,2083,A+,1.6343103448275862,0.22753240518482956
Industrial,208.26,55.68,104,4481,A+,2.0025,0.04647623298370899
Industrial,323.98,116.09,199,4458,B,1.6280402010050252,0.07267384477344101
Commercial,166.44,34.84,216,1190,A,0.7705555555555555,0.1398655462184874
Residential,320.06,112.28,246,4393,A,1.3010569105691057,0.0728568176644662
Residential,287.19,8.37,48,4462,A+,5.983125,0.06436351411922904
Residential,170.55,50.03,196,2992,A+,0.8701530612244899,0.05700200534759359
Commercial,245.14,60.01,57,608,A,4.3007017543859645,0.4031907894736842
Industrial,267.15,79.54,86,4252,B,3.106395348837209,0.06282925682031984
Residential,281.47,120.51,254,811,A,1.1081496062992127,0.3470653514180025
Commercial,498.19,90.43,37,663,A,13.464594594594594,0.7514177978883861
Commercial,78.23,55.31,144,2923,C,0.5432638888888889,0.026763599042080057
Industrial,136.87,84.2,95,2693,C,1.4407368421052633,0.050824359450427035
Industrial,404.9,47.1,180,4251,A+,2.2494444444444444,0.09524817689955305
Residential,187.5,99.55,179,3789,A,1.047486033519553,0.04948535233570863
Industrial,376.89,98.49,272,1604,A,1.3856249999999999,0.23496882793017457
Commercial,440.35,113.74,25,1034,C,17.614,0.42587040618955513
Commercial,149.55,94.89,269,4510,C,0.5559479553903346,0.03315964523281597
Residential,288.5,58.79,179,2305,A+,1.611731843575419,0.12516268980477224
Commercial,467.04,65.07,159,4412,A+,2.9373584905660377,0.105856754306437
Industrial,58.8,63.86,88,1213,C,0.6681818181818181,0.04847485572959604
Commercial,435.93,13.9,299,3000,B,1.4579598662207358,0.14531
Industrial,353.46,56.31,113,2257,A,3.127964601769911,0.15660611431103233
Industrial,434.22,24.06,111,509,B,3.911891891891892,0.8530844793713164
Commercial,492.58,71.78,63,4616,A,7.818730158730158,0.10671143847487001
Residential,334.17,89.24,221,1008,C,1.512081447963801,0.33151785714285714
Industrial,286.11,9.44,292,2114,A,0.9798287671232877,0.13534058656575212
Commercial,425.74,57.35,185,1659,A,2.3012972972972974,0.2566244725738397
Industrial,487.53,99.23,209,1470,A,2.3326794258373202,0.3316530612244898
Residential,464.65,136.59,41,4812,A+,11.332926829268292,0.09656068162926018
Industrial,457.13,35.48,265,2425,A,1.7250188679245282,0.18850721649484536
Residential,223.8,129.37,263,4576,A,0.8509505703422053,0.04890734265734266
Industrial,432.32,21.72,265,4850,A+,1.6313962264150943,0.0891381443298969
Industrial,85.88,146.56,259,3434,A,0.33158301158301157,0.02500873616773442
Residential,209.08,110.92,53,3041,A,3.944905660377359,0.06875369944097337
Residential,96.34,127.26,18,3262,A,5.352222222222222,0.029534028203556103
Residential,365.54,122.04,54,4915,C,6.769259259259259,0.07437232960325535
Industrial,130.88,103.91,216,2182,C,0.6059259259259259,0.05998166819431714
Residential,283.31,55.11,238,2648,A,1.1903781512605043,0.10699018126888217
Commercial,318.57,69.07,35,2225,B,9.102,0.14317752808988765
Commercial,292.78,114.35,214,3198,B,1.3681308411214952,0.0915509693558474
Industrial,251.52,53.86,100,1736,A,2.5152,0.14488479262672813
Industrial,75.96,70.43,185,1961,C,0.4105945945945946,0.0387353391126976
Commercial,324.22,146.2,143,3228,B,2.2672727272727276,0.10043990086741017
Industrial,252.45,65.07,81,605,B,3.1166666666666667,0.41727272727272724
Industrial,144.85,129.22,61,3455,C,2.374590163934426,0.041924746743849495
Commercial,165.28,132.44,84,1757,C,1.9676190476190476,0.09406943653955606
Industrial,149.87,72.14,172,789,A,0.8713372093023256,0.18994930291508239
Commercial,73.79,85.15,147,1962,A+,0.5019727891156464,0.03760958205912335
Commercial,217.79,70.02,165,558,B,1.319939393939394,0.39030465949820786
Residential,92.75,96.78,4,2023,A+,23.1875,0.045847750865051905
Industrial,400.31,54.19,148,3113,A+,2.704797297297297,0.12859299710889818
Industrial,203.99,141.66,132,3408,A,1.545378787878788,0.059856220657277
Industrial,151.66,74.55,157,770,B,0.9659872611464968,0.19696103896103895
Industrial,112.1,90.06,298,4878,A+,0.3761744966442953,0.02298072980729807
Commercial,481.96,124.71,148,3253,C,3.2564864864864864,0.1481586228097141
Residential,95.5,145.12,199,4643,B,0.4798994974874372,0.020568597889295714
Industrial,327.31,35.85,144,3416,A,2.272986111111111,0.09581674473067915
Industrial,375.45,22.0,204,4554,A+,1.8404411764705881,0.08244400527009223
Residential,116.11,134.0,250,2093,A,0.46444,0.05547539417104635
Industrial,178.18,75.78,173,3452,A+,1.0299421965317919,0.051616454229432215
Residential,217.95,90.25,18,1141,C,12.108333333333333,0.19101665205959684
Industrial,468.74,90.2,156,2992,A,3.00474358974359,0.1566644385026738
Commercial,354.96,107.25,275,4577,A,1.2907636363636363,0.07755298230281843
Commercial,220.63,141.91,106,1407,B,2.0814150943396226,0.1568088130774698
Industrial,258.76,21.01,211,2906,A+,1.2263507109004739,0.089043358568479
Industrial,216.11,31.2,25,3667,A+,8.644400000000001,0.058933733296973004
Residential,381.7,67.37,272,4624,A,1.4033088235294118,0.08254757785467128
Residential,308.63,141.82,243,2255,B,1.2700823045267489,0.13686474501108647
Industrial,244.7,46.11,106,3331,C,2.3084905660377357,0.07346142299609726
Residential,427.17,17.53,230,3162,C,1.8572608695652175,0.13509487666034156
Commercial,295.35,34.1,31,2875,B,9.52741935483871,0.10273043478260871
Residential,474.09,144.57,125,4167,C,3.7927199999999996,0.11377249820014398
Industrial,183.68,91.49,243,823,A,0.7558847736625515,0.22318347509113
Industrial,137.44,19.25,138,1316,B,0.9959420289855072,0.10443768996960485
Commercial,104.25,91.33,224,4338,C,0.4654017857142857,0.024031811894882436
Industrial,237.09,106.18,119,3766,A+,1.9923529411764707,0.0629553903345725
Residential,73.14,29.03,206,3573,B,0.3550485436893204,0.020470193115029386
Industrial,160.0,93.23,100,1555,A,1.6,0.10289389067524116
Industrial,130.28,109.25,13,3870,B,10.021538461538462,0.033664082687338504
Industrial,473.9,124.56,151,3949,B,3.13841059602649,0.12000506457330969
Commercial,174.93,20.56,68,4061,B,2.5725000000000002,0.0430755971435607
Industrial,83.58,74.7,138,4488,A,0.6056521739130435,0.018622994652406417
Commercial,309.59,118.66,200,1668,C,1.54795,0.18560551558752997
Residential,230.69,110.43,215,3367,A,1.0729767441860465,0.06851499851499851
Commercial,56.28,17.77,62,4346,A+,0.9077419354838709,0.012949838932351588
Commercial,312.24,90.24,256,2188,B,1.2196875,0.1427056672760512
Industrial,353.35,57.77,267,4532,A+,1.3234082397003746,0.07796778464254193
Residential,434.14,59.63,147,2377,B,2.953333333333333,0.18264198569625578
Residential,429.57,58.85,278,1904,A,1.5452158273381296,0.22561449579831933
Commercial,125.42,9.58,243,2946,C,0.5161316872427983,0.04257298031228785
Commercial,173.98,9.86,48,1748,C,3.6245833333333333,0.09953089244851258
Industrial,95.13,115.78,57,851,A,1.6689473684210525,0.111786133960047
Residential,154.29,113.89,27,958,B,5.714444444444444,0.16105427974947806
Commercial,282.7,53.96,194,1342,A,1.4572164948453608,0.21065573770491802
Residential,97.3,148.23,250,817,A,0.3892,0.11909424724602202
Industrial,157.53,9.26,162,2338,B,0.9724074074074074,0.0673781009409752
Industrial,93.6,82.73,115,1429,C,0.8139130434782608,0.06550034989503149
Residential,227.87,89.26,234,4164,A,0.9738034188034188,0.054723823246878
Commercial,125.58,97.49,188,2992,A+,0.6679787234042553,0.04197192513368984
Commercial,137.19,22.14,251,4006,A,0.5465737051792828,0.03424613080379431
Industrial,87.79,41.18,267,1761,C,0.32880149812734083,0.04985235661555935
Industrial,214.84,97.91,295,2418,A,0.728271186440678,0.08885028949545079
Residential,60.54,68.91,84,4532,C,0.7207142857142858,0.013358340688437775
Residential,248.07,55.51,165,4446,C,1.5034545454545454,0.05579622132253711
Industrial,274.99,135.81,250,3902,B,1.09996,0.07047411583803179
Commercial,291.92,103.82,184,2900,A,1.586521739130435,0.10066206896551724
Commercial,230.77,34.85,162,2439,A+,1.4245061728395063,0.09461664616646166
Residential,297.66,41.48,39,4960,A,7.632307692307693,0.06001209677419355
Commercial,308.48,73.96,79,1225,B,3.9048101265822788,0.25182040816326534
Residential,402.76,24.74,142,1726,A+,2.836338028169014,0.23334878331402084
Residential,381.37,84.98,56,708,A,6.810178571428572,0.5386581920903954
Industrial,494.28,137.37,172,2275,A,2.873720930232558,0.21726593406593406
Residential,386.59,63.33,291,1491,A+,1.328487972508591,0.25928236083165657
Residential,173.61,115.49,61,3409,A+,2.846065573770492,0.05092695805221473
Commercial,206.95,136.15,50,2509,A+,4.138999999999999,0.0824830609804703
Commercial,188.4,36.79,161,4307,B,1.1701863354037267,0.04374274436963083
Commercial,308.83,87.0,205,532,B,1.5064878048780488,0.5805075187969925
Residential,300.67,101.69,78,4020,C,3.85474358974359,0.07479353233830846
Residential,434.46,143.12,15,839,A+,28.964,0.5178307508939213
Residential,196.88,10.23,72,1735,B,2.7344444444444442,0.11347550432276657
Residential,170.99,42.3,66,2540,A,2.590757575757576,0.06731889763779528
Commercial,450.99,146.91,161,1911,A,2.8011801242236025,0.23599686028257458
Industrial,445.18,120.04,52,1478,B,8.561153846153847,0.3012043301759134
Commercial,365.05,32.66,108,1574,A,3.3800925925925926,0.23192503176620077
Industrial,151.99,141.47,259,1358,A+,0.5868339768339769,0.11192194403534611
Commercial,203.43,145.99,232,2831,A+,0.8768534482758621,0.07185800070646416
Industrial,55.09,123.51,279,2705,C,0.1974551971326165,0.020365988909426987
Industrial,262.11,114.43,48,4722,B,5.460625,0.05550825921219822
Commercial,193.75,34.86,3,4417,C,64.58333333333333,0.04386461399139688
Residential,52.38,108.73,267,1139,A,0.1961797752808989,0.04598770851624232
Industrial,482.73,96.34,249,4725,A+,1.9386746987951808,0.10216507936507938
Commercial,343.38,79.82,201,958,A,1.7083582089552238,0.35843423799582463
Residential,181.36,64.01,237,2961,B,0.7652320675105486,0.061249577845322534
Industrial,98.77,113.48,294,4963,A+,0.33595238095238095,0.01990126939351199
Industrial,470.26,112.6,84,1010,B,5.598333333333334,0.4656039603960396
Residential,403.68,26.65,76,790,C,5.311578947368421,0.5109873417721519
Residential,411.11,102.17,223,751,A+,1.843542600896861,0.5474167776298269
Residential,390.47,81.38,264,1726,A,1.4790530303030305,0.22622827346465818
Industrial,477.29,18.58,64,2458,B,7.45765625,0.19417819365337674
Industrial,398.49,113.14,192,4028,C,2.07546875,0.0989299900695134
Residential,382.23,127.31,236,3391,C,1.6196186440677967,0.11271896195812445
Commercial,55.42,27.32,120,1272,A+,0.4618333333333334,0.04356918238993711
Industrial,97.24,130.47,113,2757,A+,0.8605309734513273,0.035270221254987306
Industrial,433.34,46.68,254,3280,C,1.7060629921259842,0.13211585365853656
Commercial,259.25,58.82,182,1270,A+,1.4244505494505495,0.20413385826771654
Industrial,77.74,42.37,183,2152,B,0.4248087431693989,0.036124535315985126
Industrial,452.06,13.63,128,946,C,3.53171875,0.4778646934460888
Commercial,266.71,97.81,219,1023,A+,1.2178538812785387,0.260713587487781
Residential,455.6,91.44,178,3077,C,2.559550561797753,0.14806629834254145
Industrial,247.88,78.16,215,4712,B,1.1529302325581394,0.05260611205432937
Industrial,325.84,53.7,293,1770,A,1.1120819112627987,0.184090395480226
Industrial,144.41,43.55,229,4312,A,0.6306113537117903,0.03349025974025974
Residential,61.17,37.3,96,589,C,0.6371875,0.10385398981324279
Industrial,240.81,30.25,203,3953,B,1.186256157635468,0.060918289906400205
Commercial,91.16,46.25,49,616,A+,1.860408163265306,0.14798701298701297
Commercial,61.77,98.34,3,2861,A+,20.59,0.021590353023418385
Residential,255.55,141.84,126,979,A+,2.028174603174603,0.26103166496424923
Industrial,58.89,127.04,174,2303,A,0.338448275862069,0.025570994355188885
Residential,226.49,106.23,294,2571,A,0.770374149659864,0.08809412679891093
Industrial,147.94,57.55,72,3269,C,2.0547222222222223,0.04525542979504436
Residential,111.47,101.22,158,3404,A+,0.7055063291139241,0.03274676850763807
Commercial,221.24,89.37,266,3715,A+,0.8317293233082708,0.059553162853297446
Residential,403.33,145.8,3,2336,B,134.44333333333333,0.1726583904109589
Residential,364.53,91.74,195,1663,B,1.8693846153846152,0.21920024052916415
Industrial,384.22,42.64,240,1692,A,1.6009166666666668,0.22708037825059102
Industrial,223.75,32.25,67,2028,A+,3.33955223880597,0.11033037475345167
Residential,91.25,137.58,26,3351,B,3.5096153846153846,0.02723067740972844
Industrial,151.72,39.86,249,3796,A+,0.6093172690763052,0.03996838777660695
Industrial,400.86,84.0,230,2312,B,1.7428695652173913,0.1733823529411765
Commercial,379.83,74.03,262,2534,B,1.4497328244274807,0.14989344909234412
Industrial,362.46,123.43,10,3680,A+,36.245999999999995,0.0984945652173913
Residential,463.16,8.76,217,4662,C,2.134377880184332,0.09934791934791935
Commercial,386.13,108.68,232,1414,A+,1.664353448275862,0.2730763790664781
Industrial,429.94,95.58,286,1536,A,1.5032867132867134,0.27990885416666667
Industrial,209.8,83.57,81,3672,A,2.5901234567901237,0.057135076252723314
Residential,402.22,140.61,165,641,A,2.4376969696969697,0.6274882995319814
Industrial,396.87,13.93,154,4173,C,2.577077922077922,0.09510424155283968
Residential,109.93,46.85,34,1966,A+,3.233235294117647,0.055915564598168876
Industrial,80.2,148.82,277,3539,A+,0.2895306859205776,0.022661768861260242
Residential,420.51,78.43,134,3165,A+,3.138134328358209,0.13286255924170615
Industrial,245.89,130.17,282,603,A+,0.871950354609929,0.40777777777777774
Residential,415.93,19.19,155,3791,C,2.6834193548387097,0.10971511474544975
Residential,100.5,54.65,116,3973,A+,0.8663793103448276,0.025295746287440222
Commercial,408.61,5.42,69,3924,C,5.921884057971015,0.1041309887869521
Industrial,155.21,35.99,146,3843,A,1.063082191780822,0.040387717928701536
Residential,213.92,57.53,248,1281,A+,0.8625806451612903,0.1669945355191257
Commercial,82.47,24.26,216,1542,A,0.38180555555555556,0.05348249027237354
Industrial,231.52,138.67,67,3608,B,3.4555223880597015,0.06416851441241686
Commercial,418.87,17.47,86,602,B,4.870581395348837,0.6957973421926911
Industrial,307.65,147.52,12,3946,B,25.6375,0.07796502787633046
Residential,439.24,148.45,115,2626,C,3.819478260869565,0.16726580350342726
Residential,245.79,148.06,159,2252,A+,1.5458490566037735,0.10914298401420959
Commercial,234.9,69.54,142,2227,A+,1.6542253521126762,0.10547822182308038
Industrial,307.21,148.45,205,957,B,1.4985853658536585,0.32101358411703235
Residential,386.41,45.87,239,2311,C,1.6167782426778243,0.16720467330160105
Residential,326.25,89.95,79,3805,A,4.129746835443038,0.08574244415243101
Commercial,194.33,123.76,257,3900,A+,0.756147859922179,0.049828205128205134
Industrial,407.42,109.69,221,2021,C,1.8435294117647059,0.20159327065809007
Industrial,425.55,76.22,122,3162,A,3.4881147540983606,0.13458254269449715
Industrial,443.96,102.64,177,3575,C,2.5082485875706215,0.12418461538461538
Commercial,135.93,11.17,18,3463,A+,7.551666666666667,0.03925209356049668
Residential,244.24,86.06,142,4021,C,1.72,0.06074110917682169
Commercial,167.42,118.68,247,2758,A+,0.6778137651821862,0.06070340826686004
Commercial,174.35,10.08,295,1504,A,0.5910169491525423,0.11592420212765957
Residential,288.17,120.27,127,4082,A,2.2690551181102365,0.07059529642332191
Residential,268.9,124.98,220,2058,A+,1.2222727272727272,0.13066083576287657
Industrial,224.71,43.24,43,577,C,5.225813953488372,0.3894454072790295
Commercial,290.38,113.03,202,1472,A+,1.4375247524752475,0.19726902173913044
Industrial,477.79,129.68,17,1748,A,28.10529411764706,0.27333524027459954
Commercial,434.42,23.0,216,4160,A+,2.011203703703704,0.10442788461538462
Residential,297.76,39.58,39,4388,A,7.634871794871795,0.06785779398359161
Residential,84.67,48.8,141,1537,B,0.6004964539007093,0.05508783344176968
Commercial,480.84,33.19,87,877,A,5.526896551724137,0.5482782212086659
Industrial,336.43,107.78,133,3282,A,2.529548872180451,0.10250761730652042
Residential,360.59,144.64,189,4254,A,1.9078835978835977,0.08476492712740949
Commercial,130.58,8.51,86,2895,C,1.518372093023256,0.04510535405872194
Residential,352.68,5.47,165,4420,C,2.1374545454545455,0.07979185520361991
Residential,95.38,65.3,48,1391,B,1.9870833333333333,0.06856937455068296
Commercial,306.27,11.8,65,1432,A,4.711846153846153,0.21387569832402234
Commercial,283.73,134.31,128,1454,A,2.216640625,0.1951375515818432
Residential,102.16,9.49,140,2317,C,0.7297142857142856,0.04409149762624083
Commercial,304.73,18.05,94,2512,B,3.241808510638298,0.12130971337579619
Commercial,301.36,72.74,243,3947,A,1.240164609053498,0.0763516594882189
Commercial,337.9,111.58,273,1904,A,1.2377289377289376,0.17746848739495796
Residential,175.44,28.0,190,4331,A,0.9233684210526316,0.04050796582775341
Industrial,68.06,56.79,111,2902,C,0.6131531531531532,0.02345279117849759
Industrial,134.91,80.97,35,3328,C,3.8545714285714285,0.040537860576923074
Residential,130.47,146.15,75,1589,B,1.7396,0.08210824417872876
Commercial,102.85,88.49,33,2873,A+,3.1166666666666667,0.035798816568047336
Commercial,268.05,142.18,224,2134,B,1.1966517857142858,0.1256091846298032
Commercial,268.02,106.39,86,1010,C,3.1165116279069767,0.2653663366336633
Industrial,111.0,137.91,285,3242,A+,0.3894736842105263,0.03423812461443553
Commercial,192.03,16.01,183,4325,B,1.049344262295082,0.0444
Residential,487.46,69.79,229,2475,A,2.128646288209607,0.19695353535353535
Commercial,59.94,69.22,121,3739,A+,0.4953719008264463,0.016031024338058305
Commercial,443.68,69.59,137,1733,A,3.2385401459854015,0.25601846508944026
Industrial,451.08,120.76,261,4949,B,1.7282758620689656,0.09114568599717114
Commercial,442.95,143.88,150,2615,C,2.953,0.16938814531548757
Residential,433.43,75.01,104,3638,A+,4.167596153846154,0.11913963716327652
Residential,276.76,88.09,192,3533,B,1.4414583333333333,0.07833569204641948
Residential,262.56,7.04,179,4072,B,1.4668156424581005,0.06447937131630649
Industrial,122.03,112.25,241,1312,B,0.5063485477178423,0.09301067073170732
Residential,467.37,17.33,173,2364,B,2.7015606936416185,0.1977030456852792
Industrial,199.39,5.95,7,4614,A+,28.48428571428571,0.043214130905938446
Commercial,154.2,118.26,38,683,B,4.057894736842105,0.22576866764275255
Residential,178.77,67.08,39,4988,A+,4.583846153846154,0.035840016038492385
Commercial,259.04,74.75,185,2016,A,1.4002162162162164,0.1284920634920635
Industrial,339.59,86.87,45,4919,A+,7.546444444444444,0.06903638951006301
Residential,255.77,77.0,167,3007,C,1.531556886227545,0.0850581975390755
Commercial,443.02,20.5,259,4137,A+,1.7105019305019304,0.10708726130045927
Commercial,270.06,137.48,261,1443,A,1.0347126436781608,0.18715176715176715
Industrial,150.75,118.95,27,2711,A,5.583333333333333,0.05560678716340833
Residential,250.8,123.49,102,1529,A,2.458823529411765,0.16402877697841728
Industrial,271.38,124.17,290,4121,A,0.9357931034482758,0.06585294831351614
Commercial,256.52,81.75,194,739,C,1.3222680412371133,0.34711772665764545
Residential,64.24,39.35,29,4625,A,2.2151724137931033,0.013889729729729728
Commercial,392.29,114.36,255,1619,B,1.5383921568627452,0.24230389129092034
Industrial,486.34,119.54,65,641,A,7.482153846153846,0.7587207488299531
Residential,227.7,83.01,120,589,C,1.8975,0.3865874363327674
Commercial,230.75,80.33,252,968,A,0.9156746031746031,0.2383780991735537
Commercial,356.11,102.13,113,873,C,3.15141592920354,0.40791523482245134
Residential,451.73,56.88,2,2062,A,225.865,0.21907371483996121
Residential,288.76,125.21,298,3009,A+,0.968993288590604,0.09596543702226654
Commercial,284.58,129.75,160,3410,C,1.778625,0.08345454545454545
Industrial,374.59,72.05,72,1410,B,5.202638888888888,0.26566666666666666
Commercial,245.63,137.36,217,1519,C,1.1319354838709677,0.16170506912442395
Residential,405.39,84.6,291,3442,A+,1.3930927835051545,0.11777745496804183
Industrial,445.9,15.09,100,4343,C,4.459,0.10267096477089568
Industrial,303.61,37.7,103,4497,C,2.9476699029126214,0.06751389815432511
Industrial,437.46,101.85,56,1431,C,7.811785714285714,0.30570230607966453
Commercial,188.86,123.42,237,3384,B,0.7968776371308017,0.0558096926713948
Industrial,456.16,96.56,127,2796,B,3.5918110236220473,0.16314735336194564
Residential,129.69,107.1,56,4671,B,2.315892857142857,0.027764932562620425
Industrial,463.53,139.33,214,1431,C,2.1660280373831773,0.3239203354297694
Industrial,181.8,67.05,165,2349,B,1.1018181818181818,0.07739463601532567
Industrial,111.06,71.21,202,4732,A+,0.5498019801980198,0.023469991546914624
Industrial,488.76,78.6,78,3596,A+,6.266153846153846,0.13591768631813125
Residential,490.22,30.31,37,4480,B,13.24918918918919,0.10942410714285715
Residential,456.03,5.79,96,3352,C,4.7503125,0.13604713603818616
Residential,160.87,6.92,288,4788,A,0.5585763888888889,0.03359857978279031
Commercial,291.78,16.28,138,1587,A+,2.114347826086956,0.18385633270321358
Residential,468.28,13.96,131,3378,C,3.574656488549618,0.13862640615748964
Industrial,351.5,28.55,221,3401,A,1.590497737556561,0.10335195530726257
Residential,134.63,130.7,161,2979,B,0.8362111801242236,0.0451930177912051
Industrial,79.09,80.7,82,4541,A,0.9645121951219513,0.017416868531160538
Residential,137.83,96.71,29,963,A+,4.752758620689655,0.1431256490134995
Residential,170.72,52.42,96,4956,B,1.7783333333333333,0.034447134786117835
Industrial,174.37,56.13,8,1401,B,21.79625,0.12446109921484654
Residential,50.11,130.9,273,706,C,0.18355311355311354,0.07097733711048158
Industrial,493.59,25.04,2,2489,C,246.795,0.19830855765367617
Commercial,406.44,46.79,85,4920,A,4.78164705882353,0.08260975609756098
Commercial,290.67,89.41,285,1669,A,1.0198947368421054,0.17415817855002996
Residential,428.95,24.8,46,1870,A+,9.325,0.2293850267379679
Industrial,101.47,147.66,274,2535,A+,0.37032846715328466,0.040027613412228796
Residential,152.37,74.9,218,2683,C,0.6989449541284404,0.056790905702571746
Industrial,229.38,148.16,219,4839,B,1.0473972602739725,0.04740235585864848
Commercial,342.55,75.67,91,574,A+,3.7642857142857142,0.5967770034843206
Residential,301.99,143.02,282,4829,A,1.070886524822695,0.06253675709256575
Commercial,256.72,116.86,262,1157,B,0.9798473282442749,0.22188418323249787
Commercial,132.89,134.58,229,1935,A,0.5803056768558952,0.06867700258397932
Residential,476.79,14.41,39,2997,C,12.225384615384616,0.1590890890890891
Residential,200.92,6.38,69,2715,C,2.9118840579710144,0.0740036832412523
Residential,242.07,60.68,77,2155,A,3.1437662337662338,0.11232946635730859
Commercial,65.4,135.4,99,3872,C,0.6606060606060606,0.016890495867768595
Commercial,419.46,125.62,78,1000,C,5.377692307692308,0.41946
Residential,71.5,105.1,11,3468,A+,6.5,0.020617070357554786
Commercial,54.11,91.15,279,4241,A,0.1939426523297491,0.012758783305824098
Commercial,456.43,75.79,179,4064,B,2.5498882681564248,0.11231053149606299
Industrial,398.94,96.33,207,625,A,1.9272463768115942,0.638304
Commercial,444.47,63.39,239,4452,C,1.8597071129707115,0.0998360287511231
Industrial,476.73,107.42,95,4208,A+,5.01821052631579,0.11329134980988594
Commercial,309.11,47.32,199,4782,A,1.553316582914573,0.06464031785863655
Residential,369.48,5.92,237,3153,A+,1.558987341772152,0.11718363463368221
Commercial,77.25,22.61,20,3883,B,3.8625,0.019894411537471027
Residential,307.85,82.93,17,2968,B,18.108823529411765,0.10372304582210243
Commercial,292.46,46.11,76,3215,C,3.848157894736842,0.09096734059097977
Commercial,393.68,72.2,251,2771,B,1.5684462151394423,0.1420714543486106
Residential,397.14,83.47,13,1090,C,30.549230769230768,0.364348623853211
Commercial,362.49,94.32,86,1307,C,4.215,0.27734506503443
Industrial,418.23,72.52,211,1311,B,1.982132701421801,0.3190160183066362
Residential,465.11,8.17,184,701,B,2.527771739130435,0.6634950071326676
Residential,365.85,18.19,12,3763,A+,30.4875,0.09722296040393304
Industrial,499.76,132.47,85,1490,B,5.879529411764706,0.33540939597315433
Commercial,320.43,62.46,259,1908,C,1.2371814671814672,0.16794025157232706
Residential,494.16,31.65,234,3330,A,2.111794871794872,0.1483963963963964
Residential,447.15,47.41,61,3068,A,7.330327868852459,0.1457464146023468
Industrial,300.44,107.39,26,3028,B,11.555384615384614,0.09922060766182299
Residential,164.77,145.95,44,867,A,3.7447727272727276,0.19004613610149942
Industrial,203.16,100.89,49,1038,C,4.146122448979591,0.19572254335260114
Residential,165.93,51.83,227,2086,A+,0.7309691629955948,0.07954458293384468
Commercial,471.72,58.32,180,4075,A+,2.6206666666666667,0.115759509202454
Industrial,160.38,49.8,149,4677,C,1.0763758389261744,0.03429121231558691
Industrial,226.76,134.17,2,4896,A+,113.38,0.04631535947712418
Residential,250.48,113.43,148,4414,A,1.6924324324324325,0.05674671499773448
Industrial,234.2,51.98,186,1296,A+,1.2591397849462365,0.18070987654320986
Residential,279.95,107.86,291,925,A+,0.9620274914089346,0.30264864864864865
Residential,381.3,125.4,31,4021,B,12.3,0.09482715742352649
Industrial,434.94,121.58,133,3423,C,3.2702255639097744,0.12706397896581945
Industrial,400.2,60.54,214,4837,A,1.8700934579439252,0.08273723382261733
Commercial,301.38,39.68,281,2948,C,1.072526690391459,0.10223202170963365
Commercial,85.63,145.35,252,2805,C,0.33980158730158727,0.030527629233511586
Industrial,233.49,55.52,158,4341,C,1.4777848101265822,0.05378714581893573
Commercial,337.81,115.82,65,4689,A,5.197076923076923,0.07204307954787802
Commercial,473.45,50.79,230,4913,B,2.058478260869565,0.0963667820069204
Residential,356.21,48.7,277,1360,A,1.285956678700361,0.26191911764705883
Residential,377.5,141.17,275,4863,A+,1.3727272727272728,0.07762697923092741
Residential,221.65,62.38,68,1187,C,3.259558823529412,0.1867312552653749
Residential,297.07,82.01,80,3377,A,3.713375,0.0879686111933669
Commercial,494.75,39.08,231,2743,A,2.1417748917748916,0.18036820998906308
Industrial,314.41,21.9,174,1191,A,1.806954022988506,0.26398824517212427
Residential,126.61,126.95,51,4172,B,2.482549019607843,0.030347555129434323
Industrial,475.99,74.13,259,1138,B,1.8377992277992279,0.4182688927943761
Residential,103.5,77.62,23,4357,A+,4.5,0.023754877209088823
Residential,379.74,106.18,194,3687,C,1.957422680412371,0.10299430431244914
Residential,246.11,103.51,155,619,C,1.5878064516129033,0.39759289176090473
Industrial,181.59,121.96,103,2737,C,1.763009708737864,0.06634636463280964
Residential,486.21,147.15,104,3020,B,4.6750961538461535,0.16099668874172185
Industrial,251.53,103.36,247,3500,C,1.0183400809716598,0.07186571428571428
Commercial,366.99,29.35,81,3640,A,4.5307407407407405,0.10082142857142858
Residential,296.72,42.93,152,1979,A+,1.952105263157895,0.14993431025770593
Industrial,410.54,104.81,54,4489,A,7.602592592592593,0.09145466696368902
Residential,143.91,55.45,166,2616,A+,0.8669277108433735,0.05501146788990825
Residential,225.29,95.08,47,4733,B,4.793404255319149,0.047599830974012255
Industrial,311.0,29.14,135,4233,C,2.303703703703704,0.07347035199622018
Industrial,71.81,19.23,242,3058,A,0.29673553719008267,0.023482668410725965
Residential,401.26,60.0,28,4787,B,14.330714285714285,0.08382285356172968
Commercial,338.35,134.78,254,2207,B,1.3320866141732284,0.15330765745355687
Residential,185.36,119.03,292,846,A+,0.6347945205479453,0.2191016548463357
Commercial,129.69,68.45,128,4270,C,1.013203125,0.030372365339578454
Commercial,80.25,131.68,233,1389,A+,0.3444206008583691,0.05777537796976242
Commercial,416.77,119.0,291,3290,A+,1.4321993127147765,0.12667781155015198
Commercial,302.14,12.39,271,3016,A,1.1149077490774908,0.10017904509283819
Residential,140.47,46.58,113,2964,A+,1.2430973451327434,0.04739203778677463
Commercial,465.3,10.62,85,3792,B,5.474117647058824,0.12270569620253165
Residential,228.72,62.44,15,1347,B,15.248,0.16979955456570156
Commercial,188.26,91.49,63,764,A,2.988253968253968,0.246413612565445
Residential,96.89,51.2,24,2272,B,4.037083333333333,0.04264524647887324
Commercial,412.24,7.94,151,1885,B,2.730066225165563,0.21869496021220158
Residential,123.37,122.51,219,1740,B,0.5633333333333334,0.07090229885057471
Commercial,174.27,95.53,220,603,B,0.7921363636363636,0.2890049751243781
Commercial,212.44,36.05,146,1780,B,1.455068493150685,0.11934831460674157
Industrial,121.49,69.6,206,2788,A+,0.589757281553398,0.04357604017216642
Commercial,321.82,53.94,252,1198,A+,1.277063492063492,0.2686310517529215
Commercial,205.83,47.74,266,2831,B,0.773796992481203,0.0727057576827976
Commercial,419.63,63.22,61,2639,A+,6.879180327868853,0.159010989010989
Commercial,150.29,34.24,287,619,A,0.5236585365853659,0.24279483037156704
Industrial,475.06,47.91,240,4021,B,1.9794166666666666,0.1181447401143994
Commercial,238.79,146.31,186,3811,A,1.2838172043010752,0.06265809498819207
Industrial,365.42,101.61,84,1665,B,4.350238095238096,0.21947147147147147
Commercial,177.88,5.31,88,4762,B,2.0213636363636365,0.03735405291894162
Commercial,88.08,103.81,297,1992,B,0.29656565656565653,0.04421686746987952
Commercial,453.93,28.23,99,1952,A+,4.585151515151515,0.23254610655737706
Residential,254.52,126.06,223,1699,A+,1.1413452914798208,0.14980576809888171
Commercial,330.49,119.36,115,4045,A+,2.8738260869565218,0.08170333745364648
Industrial,290.71,126.89,137,3908,A+,2.1219708029197077,0.07438843398157625
Industrial,130.16,98.59,195,663,A,0.6674871794871795,0.19631975867269985
Commercial,452.36,18.3,88,1963,B,5.140454545454546,0.23044319918492104
Commercial,380.81,63.54,250,4477,B,1.52324,0.08505919142282779
Commercial,338.64,60.82,204,4697,A,1.66,0.07209708324462423
Commercial,308.68,64.74,179,2813,A+,1.7244692737430167,0.10973338073231426
Commercial,205.87,137.18,20,591,A,10.2935,0.34834179357022
Industrial,84.52,70.17,58,4656,A,1.4572413793103447,0.018152920962199313
Residential,240.85,131.39,40,4898,C,6.02125,0.04917313189056758
Commercial,102.22,144.49,114,2492,A+,0.8966666666666666,0.041019261637239166
Commercial,256.5,49.19,161,4284,B,1.593167701863354,0.059873949579831935
Commercial,217.28,118.53,135,1281,B,1.6094814814814815,0.1696174863387978
Industrial,447.31,34.77,236,3472,C,1.8953813559322035,0.12883352534562212
Commercial,440.12,97.31,279,2475,A,1.5774910394265234,0.17782626262626264
Commercial,165.31,109.99,156,873,A,1.0596794871794872,0.18935853379152348
Industrial,252.29,25.59,9,2712,B,28.03222222222222,0.09302728613569321
Commercial,408.58,28.42,48,2915,A,8.512083333333333,0.1401646655231561
Residential,64.58,40.84,152,2063,A,0.42486842105263156,0.031303926320891906
Commercial,470.1,93.27,287,976,C,1.6379790940766552,0.4816598360655738
Industrial,451.9,36.08,177,3167,A,2.5531073446327683,0.14269024313230186
Residential,170.93,58.51,178,879,C,0.9602808988764046,0.19445961319681457
Industrial,423.88,148.21,147,3996,A,2.8835374149659865,0.10607607607607608
Residential,256.37,91.98,82,1424,B,3.1264634146341463,0.18003511235955055
Residential,268.46,65.58,85,4230,C,3.1583529411764704,0.06346572104018912
Commercial,339.2,91.16,102,4628,A+,3.325490196078431,0.07329299913569576
Commercial,249.8,44.72,94,513,B,2.6574468085106386,0.4869395711500975
Residential,294.76,83.28,266,1629,C,1.1081203007518796,0.18094536525475752
Commercial,393.78,67.92,215,3367,C,1.8315348837209302,0.11695277695277695
Commercial,361.86,14.03,151,3769,A,2.396423841059603,0.09600955160520032
Commercial,350.17,9.83,205,1172,C,1.7081463414634148,0.2987798634812287
Commercial,365.76,32.08,259,799,A+,1.4122007722007721,0.45777221526908635
Industrial,210.03,134.47,288,686,A,0.7292708333333333,0.3061661807580175
Residential,449.06,7.15,129,2898,A,3.4810852713178293,0.1549551414768806
Industrial,495.78,72.07,243,1906,A,2.040246913580247,0.26011542497376705
Industrial,334.76,85.39,71,4103,A+,4.714929577464789,0.08158908116012674
Commercial,118.52,54.13,271,4501,B,0.4373431734317343,0.02633192623861364
Industrial,221.72,135.05,279,4477,B,0.7946953405017921,0.04952423497878043
Residential,346.92,103.58,145,4041,B,2.392551724137931,0.08585003711952488
Residential,314.11,49.12,161,1112,C,1.9509937888198758,0.28247302158273385
Commercial,65.0,73.38,189,2699,C,0.3439153439153439,0.02408299370137088
Residential,328.98,93.82,271,2127,A+,1.213948339483395,0.1546685472496474
Industrial,362.23,18.53,188,2753,B,1.9267553191489362,0.13157646204140938
Industrial,259.3,24.2,107,3982,A,2.4233644859813084,0.0651180311401306
Industrial,55.44,72.21,298,1291,A,0.18604026845637583,0.0429434546862897
Commercial,96.64,126.47,186,2176,A,0.5195698924731182,0.04441176470588235
Commercial,367.63,66.66,262,977,C,1.4031679389312977,0.37628454452405324
Residential,415.61,111.97,134,2994,C,3.1015671641791047,0.13881429525718103
Commercial,260.62,133.36,159,2253,A,1.639119496855346,0.1156768752774079
Industrial,122.88,111.48,87,2368,C,1.4124137931034482,0.05189189189189189
Industrial,140.78,133.02,36,1117,B,3.910555555555556,0.12603401969561326
Commercial,270.77,89.94,54,4724,A+,5.0142592592592585,0.05731795088907705
Commercial,222.96,91.71,132,4049,A+,1.6890909090909092,0.05506544825882934
Residential,445.45,140.95,233,3868,B,1.911802575107296,0.11516287487073423
Industrial,447.09,53.89,21,4336,B,21.29,0.10311116236162361
Commercial,55.56,96.27,23,1337,C,2.4156521739130437,0.04155572176514585
Residential,351.23,62.49,34,3543,A,10.330294117647059,0.0991335026813435
Commercial,219.25,52.31,218,3758,A+,1.0057339449541285,0.058342203299627464
Commercial,335.28,148.94,268,2940,A+,1.2510447761194028,0.1140408163265306
Commercial,484.91,149.83,210,4272,A+,2.3090952380952383,0.11350889513108615
Commercial,158.08,8.44,140,1162,B,1.1291428571428572,0.13604130808950088
Industrial,320.44,57.81,74,4790,A+,4.330270270270271,0.06689770354906054
Commercial,337.73,56.1,169,4816,B,1.9984023668639055,0.07012666112956811
Industrial,355.12,90.44,280,3530,B,1.2682857142857142,0.10060056657223797
Residential,149.54,147.27,181,3439,A+,0.8261878453038674,0.043483570805466706
Industrial,488.5,16.98,115,857,A,4.247826086956522,0.5700116686114353
Commercial,129.45,103.58,258,658,A,0.5017441860465116,0.19673252279635256
Commercial,231.02,142.25,164,528,A+,1.4086585365853659,0.4375378787878788
Residential,152.21,138.06,249,1097,A,0.611285140562249,0.13875113947128534
Industrial,440.17,136.4,35,4546,A+,12.576285714285715,0.09682578090629125
Industrial,434.03,94.39,257,1848,A,1.6888326848249027,0.2348647186147186
Industrial,387.1,117.85,10,4101,A+,38.71,0.09439161180199952
Residential,300.58,121.89,184,3410,C,1.6335869565217391,0.0881466275659824
Residential,126.07,36.73,278,2374,C,0.4534892086330935,0.0531044650379107
Industrial,97.0,146.88,84,810,A+,1.1547619047619047,0.11975308641975309
Commercial,236.07,147.1,57,4903,C,4.141578947368421,0.04814807260860697
Industrial,452.62,124.88,185,2398,B,2.4465945945945946,0.1887489574645538
Residential,205.49,19.13,221,3680,C,0.929819004524887,0.05583967391304348
Commercial,68.1,111.78,41,4749,B,1.6609756097560975,0.01433986102337334
Residential,114.13,123.89,187,1148,B,0.6103208556149733,0.0994163763066202
Residential,168.37,70.94,128,1159,C,1.315390625,0.14527178602243312
Industrial,260.44,149.25,1,805,C,260.44,0.323527950310559
Industrial,263.51,130.24,100,3197,B,2.6351,0.08242414763841101
Commercial,139.37,63.29,1,3409,B,139.37,0.0408829568788501
Commercial,454.13,11.16,267,2297,A+,1.7008614232209738,0.19770570309098826
Industrial,389.97,5.82,181,1816,C,2.1545303867403316,0.2147411894273128
Industrial,450.3,77.13,48,2854,C,9.38125,0.15777855641205327
Commercial,168.23,14.29,248,2003,A,0.6783467741935484,0.08398901647528706
Industrial,426.06,75.18,89,4460,B,4.787191011235955,0.09552914798206279
Industrial,483.47,42.74,191,1198,A+,2.531256544502618,0.40356427378964943
Commercial,125.24,96.43,5,2344,B,25.048,0.05343003412969283
Industrial,397.05,109.58,63,2116,A,6.302380952380952,0.18764177693761816
Commercial,359.42,5.29,246,2119,B,1.4610569105691058,0.16961774421897122
Commercial,117.36,69.07,130,3067,A,0.9027692307692308,0.038265405934137596
Residential,431.78,140.35,2,3804,A+,215.89,0.11350683491062039
Industrial,82.59,25.08,161,2954,B,0.5129813664596273,0.027958700067704807
Residential,254.15,68.74,205,3188,C,1.2397560975609756,0.07972082810539523
Commercial,266.61,127.56,147,1475,A,1.8136734693877552,0.18075254237288135
Industrial,214.45,24.95,163,894,A,1.315644171779141,0.23987695749440716
Commercial,384.0,12.4,90,3905,A,4.266666666666667,0.09833546734955186
Industrial,382.58,12.09,11,2182,A,34.78,0.17533455545371218
Residential,347.33,149.82,235,3482,B,1.478,0.0997501435956347
Industrial,196.53,57.6,149,2044,C,1.318993288590604,0.09614970645792564
Commercial,383.12,13.66,1,4333,A,383.12,0.08841910916224326
Industrial,260.74,98.07,112,4335,A+,2.3280357142857144,0.060147635524798154
Industrial,137.45,137.7,220,1882,B,0.6247727272727273,0.07303400637619553
Commercial,73.51,128.74,278,4843,A+,0.2644244604316547,0.0151786083006401
Commercial,467.46,70.95,141,4261,C,3.31531914893617,0.10970664163341938
Commercial,426.1,121.09,12,1740,A,35.50833333333333,0.24488505747126438
Residential,188.07,76.31,43,1024,C,4.373720930232558,0.183662109375
Commercial,438.19,45.9,156,4344,C,2.8089102564102566,0.10087246777163904
Residential,222.77,46.28,106,1859,B,2.101603773584906,0.11983324367939753
Commercial,203.93,133.46,132,3596,C,1.5449242424242424,0.05671023359288098
Industrial,440.09,66.76,19,4807,B,23.162631578947366,0.09155190347410026
Industrial,119.65,125.44,283,3992,B,0.422791519434629,0.02997244488977956
Industrial,496.8,81.28,115,4837,A,4.32,0.10270829026255944
Residential,100.66,120.7,230,2142,A+,0.43765217391304345,0.04699346405228758
Commercial,165.71,149.88,133,1849,C,1.2459398496240601,0.08962141698215252
Commercial,476.81,134.39,285,4093,A,1.673017543859649,0.11649401417053507
Commercial,381.33,125.1,33,3454,A+,11.555454545454545,0.11040243196294151
Residential,267.65,75.0,74,1285,A,3.6168918918918918,0.20828793774319065
Industrial,258.91,42.66,175,3594,A,1.4794857142857145,0.07203951029493601
Commercial,364.51,60.34,98,3397,A,3.719489795918367,0.10730350309096261
Residential,445.88,29.79,255,3690,A+,1.748549019607843,0.12083468834688346
Residential,65.66,115.43,234,2765,C,0.28059829059829056,0.023746835443037972
Commercial,327.97,39.76,120,1931,C,2.7330833333333335,0.16984464008285863
Industrial,389.74,53.99,167,964,A,2.3337724550898202,0.4042946058091286
Industrial,128.24,123.73,144,1501,B,0.8905555555555557,0.08543637574950035
Residential,397.64,74.9,284,4308,A,1.4001408450704225,0.09230269266480966
Industrial,400.87,92.11,276,4882,A+,1.4524275362318841,0.08211183941007784
Residential,307.45,122.05,270,665,C,1.1387037037037036,0.46233082706766915
Commercial,51.16,92.7,235,3920,C,0.21770212765957445,0.013051020408163264
Residential,104.2,110.42,112,801,C,0.9303571428571429,0.13008739076154807
Commercial,488.62,66.95,6,2751,A,81.43666666666667,0.17761541257724464
Commercial,378.75,109.6,252,2401,A+,1.5029761904761905,0.15774677217825905
Residential,177.26,129.95,79,2806,A,2.24379746835443,0.06317177476835352
Industrial,95.03,71.89,287,2799,C,0.3311149825783972,0.033951411218292246
Commercial,142.33,104.26,119,3468,C,1.1960504201680673,0.04104094579008074
Residential,82.02,108.98,141,3981,C,0.5817021276595744,0.02060286360211002
Residential,279.78,120.38,281,2260,B,0.9956583629893238,0.12379646017699114
Commercial,300.18,104.85,54,568,C,5.558888888888889,0.5284859154929578
Industrial,240.1,101.22,240,4723,A+,1.0004166666666667,0.05083633283929705
Industrial,109.58,75.45,1,4755,A,109.58,0.02304521556256572
Industrial,92.06,44.17,158,4642,C,0.5826582278481013,0.01983196897888841
Industrial,51.41,77.35,78,4506,A+,0.6591025641025641,0.011409232134931202
Commercial,130.36,26.31,270,4038,C,0.48281481481481486,0.03228330856859832
Residential,150.36,61.38,147,2670,C,1.022857142857143,0.05631460674157304
Industrial,476.88,57.33,297,2397,B,1.6056565656565656,0.19894868585732164
Residential,182.46,18.98,24,3738,B,7.6025,0.04881219903691814
Residential,157.54,132.38,236,3292,C,0.6675423728813559,0.0478554070473876
Residential,222.95,108.84,87,974,A+,2.5626436781609194,0.22890143737166324
Industrial,313.43,23.6,7,870,B,44.77571428571429,0.36026436781609195
Industrial,464.04,54.64,7,734,C,66.29142857142857,0.6322070844686649
Commercial,470.3,55.25,181,3820,C,2.5983425414364643,0.1231151832460733
Industrial,214.91,21.19,189,3996,B,1.1370899470899472,0.05378128128128128
Residential,496.42,30.53,46,2697,A+,10.791739130434783,0.18406377456433073
Industrial,254.8,139.19,200,1125,A,1.274,0.2264888888888889
Industrial,424.03,106.31,126,3106,A,3.3653174603174603,0.13651963940759818
Commercial,412.03,95.3,94,2134,A+,4.3832978723404254,0.19307872539831303
Residential,410.66,15.76,296,3998,B,1.3873648648648649,0.10271635817908956
Residential,225.67,102.16,134,1447,A,1.6841044776119403,0.15595715272978575
Industrial,76.89,50.21,170,3920,C,0.45229411764705885,0.01961479591836735
Commercial,456.02,92.79,204,4040,B,2.235392156862745,0.11287623762376237
Residential,129.31,111.84,247,3129,A+,0.5235222672064778,0.041326302333013744
Commercial,309.79,39.3,293,2914,B,1.0573037542662116,0.10631091283459164
Residential,446.83,41.0,75,1391,A,5.9577333333333335,0.32122933141624727
Commercial,282.89,91.7,161,4077,C,1.7570807453416148,0.06938680402256561
Industrial,280.76,145.04,143,2471,B,1.9633566433566434,0.11362201537838931
Commercial,418.12,6.09,46,2271,A,9.089565217391305,0.18411272567151035
Commercial,322.19,123.77,66,718,A,4.881666666666667,0.4487325905292479
Residential,91.96,8.34,219,1211,B,0.41990867579908675,0.07593724194880264
Industrial,192.16,35.23,277,4753,A,0.6937184115523466,0.040429202608878605
Residential,194.36,137.37,96,1156,C,2.0245833333333336,0.16813148788927337
Residential,439.32,113.58,129,932,A,3.405581395348837,0.4713733905579399
Residential,380.59,144.89,218,2129,C,1.7458256880733944,0.1787646782527008
Industrial,212.2,6.83,208,1332,C,1.0201923076923076,0.1593093093093093
Residential,173.54,77.51,196,1373,B,0.8854081632653061,0.12639475600873998
Industrial,429.94,120.72,279,4736,C,1.5410035842293908,0.09078125
Residential,92.58,99.3,167,3191,A,0.5543712574850299,0.029012848636790975
Residential,116.5,56.17,235,1807,A,0.4957446808510638,0.06447149972329828
Commercial,270.25,8.64,16,2857,C,16.890625,0.09459222961148057
Residential,464.39,5.36,222,2824,C,2.0918468468468467,0.16444405099150142
Residential,470.37,96.77,30,3661,C,15.679,0.1284812892652281
Commercial,487.05,147.75,16,3053,A,30.440625,0.15953160825417623
