Consumption_Energy_Usage,Consumption_Energy_Ur_Consumption,Occupants,Floor_Area,Energy_per_Occupant,Energy_per_FloorArea,Building_Type_Commercial,Building_Type_Industrial,Building_Type_Residential,Energy_Efficiency_Rating_A,Energy_Efficiency_Rating_A+,Energy_Efficiency_Rating_B,Energy_Efficiency_Rating_C
332.15,37.44,16,2930,20.759375,0.1133617747440273,1.0,0.0,0.0,0.0,0.0,1.0,0.0
234.68,109.89,53,1122,4.427924528301887,0.2091622103386809,0.0,1.0,0.0,0.0,0.0,1.0,0.0
320.71,48.0,269,4852,1.1922304832713757,0.066098516075845,1.0,0.0,0.0,1.0,0.0,0.0,0.0
66.93,126.21,219,4069,0.3056164383561644,0.0164487589088228,0.0,1.0,0.0,1.0,0.0,0.0,0.0
107.63,53.15,76,894,1.4161842105263158,0.1203914988814317,0.0,1.0,0.0,0.0,0.0,0.0,1.0
466.13,134.53,16,1922,29.133125,0.2425234131113423,1.0,0.0,0.0,0.0,0.0,0.0,1.0
121.47,72.6,272,1448,0.4465808823529412,0.0838881215469613,0.0,0.0,1.0,1.0,0.0,0.0,0.0
469.97,62.97,109,1564,4.31165137614679,0.3004923273657289,0.0,0.0,1.0,0.0,0.0,1.0,0.0
114.02,17.85,295,1512,0.3865084745762712,0.0754100529100529,1.0,0.0,0.0,0.0,1.0,0.0,0.0
382.46,58.63,187,3977,2.0452406417112297,0.0961679658033693,0.0,0.0,1.0,0.0,0.0,1.0,0.0
476.42,107.83,118,4676,4.037457627118644,0.1018862275449101,1.0,0.0,0.0,0.0,0.0,0.0,1.0
203.0,86.76,111,1162,1.8288288288288288,0.1746987951807229,0.0,0.0,1.0,0.0,0.0,0.0,1.0
228.48,126.42,33,811,6.923636363636363,0.2817262638717632,0.0,1.0,0.0,0.0,0.0,1.0,0.0
316.15,57.31,98,2451,3.226020408163265,0.1289881680946552,1.0,0.0,0.0,0.0,0.0,0.0,1.0
385.47,46.48,91,1978,4.2359340659340665,0.1948786653185035,0.0,1.0,0.0,0.0,0.0,1.0,0.0
353.11,34.38,229,569,1.5419650655021837,0.6205799648506152,1.0,0.0,0.0,0.0,0.0,1.0,0.0
192.87,57.97,66,3268,2.922272727272728,0.0590177478580171,0.0,1.0,0.0,0.0,0.0,1.0,0.0
275.61,61.36,91,4910,3.028681318681319,0.056132382892057,0.0,1.0,0.0,1.0,0.0,0.0,0.0
120.71,54.29,9,1510,13.41222222222222,0.0799403973509933,1.0,0.0,0.0,1.0,0.0,0.0,0.0
80.6,8.31,55,2188,1.4654545454545451,0.0368372943327239,0.0,0.0,1.0,0.0,0.0,1.0,0.0
436.7,14.42,49,1688,8.912244897959184,0.2587085308056872,1.0,0.0,0.0,0.0,0.0,0.0,1.0
340.59,13.47,288,1318,1.182604166666667,0.2584142640364188,0.0,0.0,1.0,0.0,0.0,0.0,1.0
127.01,47.63,206,1587,0.6165533980582525,0.0800315059861373,0.0,1.0,0.0,1.0,0.0,0.0,0.0
386.68,12.34,15,1607,25.778666666666663,0.2406222775357809,0.0,0.0,1.0,1.0,0.0,0.0,0.0
493.4,57.7,213,4571,2.316431924882629,0.1079413695033909,0.0,1.0,0.0,0.0,0.0,0.0,1.0
290.43,126.28,39,657,7.446923076923077,0.4420547945205479,0.0,1.0,0.0,0.0,0.0,0.0,1.0
435.75,38.21,5,2280,87.15,0.1911184210526315,1.0,0.0,0.0,0.0,0.0,0.0,1.0
282.97,113.86,243,846,1.1644855967078191,0.3344799054373523,1.0,0.0,0.0,1.0,0.0,0.0,0.0
406.58,45.64,257,3461,1.5820233463035018,0.1174747182895117,0.0,0.0,1.0,1.0,0.0,0.0,0.0
416.18,12.77,261,2731,1.59455938697318,0.1523910655437568,0.0,1.0,0.0,0.0,0.0,1.0,0.0
434.12,28.19,226,4782,1.9208849557522123,0.0907820995399414,0.0,0.0,1.0,1.0,0.0,0.0,0.0
454.79,118.76,221,2866,2.057873303167421,0.1586845778087927,0.0,0.0,1.0,0.0,1.0,0.0,0.0
459.66,104.23,192,2145,2.3940625,0.2142937062937063,0.0,0.0,1.0,1.0,0.0,0.0,0.0
112.93,91.2,193,4037,0.5851295336787565,0.027973742878375,0.0,0.0,1.0,0.0,1.0,0.0,0.0
240.07,62.44,12,1996,20.00583333333333,0.1202755511022044,0.0,1.0,0.0,0.0,0.0,1.0,0.0
217.59,63.79,158,560,1.377151898734177,0.3885535714285714,0.0,1.0,0.0,1.0,0.0,0.0,0.0
188.69,142.39,156,1378,1.209551282051282,0.1369303338171262,1.0,0.0,0.0,0.0,0.0,1.0,0.0
115.71,60.97,219,2420,0.5283561643835616,0.0478140495867768,1.0,0.0,0.0,0.0,1.0,0.0,0.0
142.7,128.79,48,3195,2.9729166666666664,0.0446635367762128,1.0,0.0,0.0,0.0,0.0,1.0,0.0
368.35,103.62,134,4885,2.7488805970149257,0.0754042988741044,0.0,0.0,1.0,0.0,0.0,1.0,0.0
235.92,74.52,194,3344,1.2160824742268042,0.0705502392344497,1.0,0.0,0.0,1.0,0.0,0.0,0.0
436.74,55.78,296,3700,1.475472972972973,0.1180378378378378,0.0,0.0,1.0,0.0,0.0,1.0,0.0
250.04,128.2,17,705,14.708235294117646,0.3546666666666666,0.0,0.0,1.0,0.0,1.0,0.0,0.0
323.16,86.54,8,4562,40.395,0.0708373520385795,0.0,0.0,1.0,0.0,1.0,0.0,0.0
154.94,132.14,3,2319,51.64666666666667,0.0668132815868909,1.0,0.0,0.0,0.0,0.0,1.0,0.0
53.33,138.68,122,1056,0.4371311475409836,0.0505018939393939,1.0,0.0,0.0,0.0,0.0,0.0,1.0
175.92,75.72,192,3646,0.91625,0.048250137136588,0.0,1.0,0.0,0.0,0.0,1.0,0.0
304.47,50.76,86,3418,3.5403488372093026,0.0890784084259801,0.0,0.0,1.0,0.0,1.0,0.0,0.0
250.81,122.48,224,1873,1.1196875,0.1339081687132941,0.0,0.0,1.0,1.0,0.0,0.0,0.0
316.04,131.65,198,4282,1.5961616161616163,0.0738066324147594,0.0,0.0,1.0,0.0,0.0,0.0,1.0
369.72,110.8,158,3438,2.3400000000000003,0.1075392670157068,0.0,1.0,0.0,0.0,1.0,0.0,0.0
214.26,20.64,221,2655,0.9695022624434388,0.0807005649717514,1.0,0.0,0.0,1.0,0.0,0.0,0.0
78.01,86.97,187,1600,0.4171657754010695,0.04875625,0.0,1.0,0.0,1.0,0.0,0.0,0.0
308.03,136.91,134,1479,2.298731343283582,0.2082691007437457,1.0,0.0,0.0,0.0,0.0,0.0,1.0
216.57,48.28,200,2302,1.08285,0.0940790616854908,0.0,1.0,0.0,1.0,0.0,0.0,0.0
376.55,66.86,27,560,13.946296296296296,0.6724107142857143,0.0,1.0,0.0,0.0,0.0,1.0,0.0
439.43,101.84,287,4153,1.5311149825783972,0.1058102576450758,0.0,1.0,0.0,0.0,0.0,0.0,1.0
270.98,9.67,187,2880,1.4490909090909092,0.0940902777777777,0.0,0.0,1.0,0.0,0.0,1.0,0.0
260.3,146.56,40,1202,6.5075,0.2165557404326123,1.0,0.0,0.0,0.0,0.0,1.0,0.0
260.09,75.4,184,2556,1.413532608695652,0.1017566510172143,0.0,0.0,1.0,0.0,0.0,1.0,0.0
400.13,99.15,254,4900,1.5753149606299213,0.0816591836734693,0.0,0.0,1.0,0.0,1.0,0.0,0.0
317.58,134.83,212,2751,1.4980188679245283,0.1154416575790621,0.0,1.0,0.0,0.0,0.0,1.0,0.0
221.44,21.71,172,4905,1.2874418604651163,0.0451457696228338,1.0,0.0,0.0,0.0,0.0,0.0,1.0
398.87,79.5,99,3818,4.028989898989899,0.1044709271870089,0.0,1.0,0.0,0.0,0.0,1.0,0.0
99.13,85.8,51,2000,1.9437254901960783,0.049565,0.0,1.0,0.0,0.0,1.0,0.0,0.0
93.21,81.64,59,4792,1.579830508474576,0.0194511686143572,0.0,0.0,1.0,0.0,0.0,0.0,1.0
453.93,27.78,92,4588,4.934021739130435,0.098938535309503,0.0,0.0,1.0,0.0,1.0,0.0,0.0
267.46,61.78,249,2668,1.074136546184739,0.100247376311844,0.0,1.0,0.0,0.0,0.0,0.0,1.0
260.6,94.91,17,1399,15.329411764705885,0.1862759113652609,0.0,1.0,0.0,0.0,0.0,1.0,0.0
151.49,76.73,266,642,0.5695112781954887,0.2359657320872274,0.0,1.0,0.0,1.0,0.0,0.0,0.0
192.4,92.94,285,4152,0.6750877192982456,0.0463391136801541,0.0,1.0,0.0,0.0,1.0,0.0,0.0
481.82,63.4,61,2040,7.898688524590164,0.2361862745098039,1.0,0.0,0.0,0.0,0.0,0.0,1.0
331.36,136.06,207,3645,1.6007729468599037,0.0909080932784636,0.0,0.0,1.0,0.0,1.0,0.0,0.0
133.06,68.58,118,1716,1.1276271186440678,0.0775407925407925,0.0,0.0,1.0,0.0,0.0,0.0,1.0
151.23,75.61,8,949,18.90375,0.1593572181243414,0.0,1.0,0.0,1.0,0.0,0.0,0.0
253.49,52.87,100,4014,2.5349,0.0631514698555057,0.0,0.0,1.0,1.0,0.0,0.0,0.0
390.06,22.72,249,3535,1.5665060240963855,0.1103422913719943,1.0,0.0,0.0,0.0,0.0,0.0,1.0
265.54,121.17,73,2587,3.637534246575343,0.1026439891766525,0.0,1.0,0.0,0.0,0.0,1.0,0.0
428.78,5.06,205,2218,2.091609756097561,0.1933183047790802,1.0,0.0,0.0,0.0,1.0,0.0,0.0
187.74,76.73,271,3551,0.6927675276752768,0.052869614193185,0.0,1.0,0.0,0.0,0.0,1.0,0.0
407.55,48.05,205,2805,1.9880487804878049,0.1452941176470588,1.0,0.0,0.0,0.0,0.0,0.0,1.0
374.18,24.2,153,1027,2.44562091503268,0.3643427458617332,0.0,0.0,1.0,0.0,1.0,0.0,0.0
206.87,42.97,283,4980,0.7309893992932862,0.0415401606425702,0.0,1.0,0.0,0.0,0.0,1.0,0.0
251.49,48.62,37,3396,6.797027027027028,0.0740547703180212,0.0,0.0,1.0,0.0,0.0,1.0,0.0
127.81,61.73,186,2639,0.6871505376344086,0.0484312239484653,0.0,0.0,1.0,0.0,0.0,0.0,1.0
184.69,38.3,177,3232,1.043446327683616,0.0571441831683168,1.0,0.0,0.0,0.0,0.0,1.0,0.0
465.75,70.23,203,1283,2.294334975369458,0.363016367887763,0.0,0.0,1.0,0.0,0.0,1.0,0.0
111.65,144.9,82,1320,1.3615853658536583,0.0845833333333333,0.0,0.0,1.0,0.0,0.0,0.0,1.0
375.03,71.96,52,3895,7.212115384615384,0.0962849807445442,1.0,0.0,0.0,0.0,0.0,1.0,0.0
393.54,84.78,42,4835,9.37,0.0813940020682523,0.0,0.0,1.0,1.0,0.0,0.0,0.0
199.99,117.07,229,4788,0.8733187772925765,0.0417690058479532,0.0,1.0,0.0,0.0,1.0,0.0,0.0
376.22,23.66,53,695,7.098490566037737,0.5413237410071943,0.0,0.0,1.0,0.0,1.0,0.0,0.0
419.47,109.31,262,3851,1.601030534351145,0.1089249545572578,0.0,0.0,1.0,0.0,1.0,0.0,0.0
493.28,82.95,70,2230,7.046857142857142,0.221201793721973,0.0,0.0,1.0,0.0,1.0,0.0,0.0
172.58,148.28,157,1385,1.099235668789809,0.1246064981949458,0.0,0.0,1.0,0.0,0.0,1.0,0.0
152.08,14.57,239,1558,0.6363179916317993,0.0976123234916559,0.0,0.0,1.0,0.0,0.0,0.0,1.0
369.38,68.76,170,4806,2.172823529411765,0.0768580940491052,1.0,0.0,0.0,0.0,0.0,1.0,0.0
179.21,61.16,19,3298,9.432105263157895,0.0543389933292904,0.0,0.0,1.0,0.0,1.0,0.0,0.0
465.87,133.71,183,2460,2.5457377049180328,0.1893780487804878,0.0,1.0,0.0,0.0,0.0,0.0,1.0
292.11,48.85,196,4678,1.490357142857143,0.0624433518597691,0.0,0.0,1.0,0.0,1.0,0.0,0.0
359.66,117.84,150,2710,2.397733333333333,0.1327158671586716,0.0,1.0,0.0,0.0,0.0,1.0,0.0
224.69,7.44,170,3061,1.321705882352941,0.0734041163018621,0.0,1.0,0.0,0.0,0.0,0.0,1.0
164.39,54.73,7,2758,23.48428571428571,0.0596047860768672,1.0,0.0,0.0,0.0,0.0,0.0,1.0
293.14,79.11,193,2904,1.518860103626943,0.1009435261707989,0.0,0.0,1.0,0.0,0.0,1.0,0.0
298.27,43.78,266,4018,1.121315789473684,0.0742334494773519,0.0,0.0,1.0,0.0,0.0,0.0,1.0
456.68,53.52,148,4152,3.085675675675676,0.1099903660886319,0.0,1.0,0.0,0.0,0.0,0.0,1.0
336.89,30.32,9,1147,37.43222222222222,0.2937140366172624,1.0,0.0,0.0,0.0,0.0,0.0,1.0
188.11,125.82,44,1619,4.275227272727273,0.116189005558987,0.0,0.0,1.0,0.0,0.0,0.0,1.0
116.6,96.24,7,3420,16.657142857142855,0.0340935672514619,1.0,0.0,0.0,0.0,0.0,0.0,1.0
411.91,56.06,296,3056,1.391587837837838,0.1347873036649214,0.0,0.0,1.0,0.0,0.0,1.0,0.0
202.95,80.93,294,3219,0.6903061224489796,0.0630475302889096,0.0,1.0,0.0,1.0,0.0,0.0,0.0
480.02,131.48,9,1453,53.33555555555555,0.3303647625602202,0.0,0.0,1.0,0.0,0.0,1.0,0.0
355.35,54.46,267,2837,1.3308988764044944,0.1252555516390553,0.0,1.0,0.0,0.0,0.0,1.0,0.0
121.68,68.15,25,4072,4.8672,0.0298821218074656,0.0,0.0,1.0,0.0,0.0,1.0,0.0
218.0,75.72,6,1280,36.333333333333336,0.1703125,1.0,0.0,0.0,0.0,0.0,1.0,0.0
229.74,47.86,248,4900,0.9263709677419356,0.0468857142857142,0.0,1.0,0.0,0.0,0.0,1.0,0.0
118.05,87.59,179,4403,0.6594972067039105,0.0268112650465591,0.0,1.0,0.0,0.0,1.0,0.0,0.0
155.89,39.08,252,572,0.6186111111111111,0.272534965034965,1.0,0.0,0.0,0.0,0.0,1.0,0.0
227.65,132.94,146,3274,1.5592465753424658,0.0695326817348808,0.0,0.0,1.0,0.0,1.0,0.0,0.0
371.03,121.56,147,2766,2.524013605442177,0.1341395516992046,1.0,0.0,0.0,0.0,0.0,0.0,1.0
488.94,20.42,173,2283,2.8262427745664738,0.2141655716162943,0.0,0.0,1.0,1.0,0.0,0.0,0.0
150.78,72.35,42,1647,3.59,0.0915482695810564,0.0,1.0,0.0,1.0,0.0,0.0,0.0
233.33,12.46,177,1778,1.3182485875706216,0.1312317210348706,0.0,0.0,1.0,0.0,1.0,0.0,0.0
468.61,39.12,222,4184,2.110855855855856,0.1120004780114722,1.0,0.0,0.0,1.0,0.0,0.0,0.0
63.62,33.56,259,2293,0.2456370656370656,0.0277453118185782,0.0,1.0,0.0,0.0,0.0,0.0,1.0
164.95,148.74,185,526,0.8916216216216215,0.3135931558935361,1.0,0.0,0.0,0.0,1.0,0.0,0.0
485.77,26.07,292,1243,1.663595890410959,0.3908045052292839,1.0,0.0,0.0,1.0,0.0,0.0,0.0
370.69,146.72,10,2898,37.069,0.1279123533471359,0.0,1.0,0.0,0.0,0.0,0.0,1.0
379.2,131.98,283,4577,1.339929328621908,0.0828490277474328,1.0,0.0,0.0,1.0,0.0,0.0,0.0
312.53,132.9,293,4608,1.066655290102389,0.0678233506944444,0.0,1.0,0.0,0.0,0.0,1.0,0.0
261.12,53.03,121,1209,2.15801652892562,0.2159801488833747,1.0,0.0,0.0,0.0,1.0,0.0,0.0
153.93,73.08,276,3409,0.5577173913043478,0.0451540041067761,0.0,0.0,1.0,1.0,0.0,0.0,0.0
387.46,129.1,260,1777,1.4902307692307692,0.2180416432189082,0.0,1.0,0.0,0.0,1.0,0.0,0.0
155.65,107.06,74,4588,2.1033783783783786,0.0339254577157802,0.0,0.0,1.0,0.0,0.0,1.0,0.0
200.09,137.79,122,2952,1.6400819672131148,0.0677811653116531,1.0,0.0,0.0,0.0,1.0,0.0,0.0
482.09,74.74,168,2018,2.8695833333333334,0.2388949454905847,1.0,0.0,0.0,0.0,0.0,1.0,0.0
482.51,83.27,83,510,5.813373493975903,0.9460980392156862,0.0,0.0,1.0,0.0,0.0,1.0,0.0
345.63,8.83,127,702,2.721496062992126,0.4923504273504273,0.0,1.0,0.0,0.0,0.0,0.0,1.0
142.14,137.22,154,1506,0.9229870129870128,0.0943824701195219,0.0,1.0,0.0,1.0,0.0,0.0,0.0
366.19,31.3,116,2564,3.156810344827586,0.1428198127925117,0.0,1.0,0.0,0.0,1.0,0.0,0.0
386.16,25.35,90,3863,4.290666666666667,0.0999637587367331,0.0,1.0,0.0,0.0,1.0,0.0,0.0
100.49,16.48,120,1778,0.8374166666666666,0.0565185601799775,0.0,0.0,1.0,0.0,0.0,1.0,0.0
477.58,9.82,1,3941,477.58,0.1211824410048211,0.0,0.0,1.0,0.0,1.0,0.0,0.0
347.41,72.87,207,3007,1.6783091787439617,0.1155337545726638,0.0,1.0,0.0,1.0,0.0,0.0,0.0
302.87,111.96,90,2463,3.365222222222222,0.1229679252943564,1.0,0.0,0.0,0.0,1.0,0.0,0.0
374.69,34.32,207,4835,1.810096618357488,0.0774953464322647,0.0,1.0,0.0,1.0,0.0,0.0,0.0
194.57,44.13,224,3543,0.8686160714285714,0.0549167372283375,0.0,0.0,1.0,1.0,0.0,0.0,0.0
71.52,48.44,101,4315,0.7081188118811881,0.0165747392815758,0.0,1.0,0.0,0.0,0.0,0.0,1.0
441.16,121.06,256,949,1.72328125,0.464868282402529,0.0,0.0,1.0,0.0,1.0,0.0,0.0
241.09,118.65,151,4264,1.5966225165562915,0.0565408067542213,0.0,1.0,0.0,1.0,0.0,0.0,0.0
492.85,101.93,109,1056,4.521559633027523,0.4667140151515151,0.0,0.0,1.0,0.0,0.0,0.0,1.0
307.92,74.48,113,1353,2.7249557522123897,0.2275831485587583,0.0,1.0,0.0,0.0,0.0,0.0,1.0
213.5,41.76,37,2788,5.77027027027027,0.0765781922525107,0.0,0.0,1.0,0.0,0.0,1.0,0.0
78.31,36.84,147,2897,0.5327210884353741,0.0270314118053158,1.0,0.0,0.0,0.0,0.0,0.0,1.0
458.92,21.62,285,3489,1.6102456140350878,0.1315333906563485,1.0,0.0,0.0,1.0,0.0,0.0,0.0
409.2,33.25,234,3031,1.7487179487179487,0.1350049488617618,0.0,1.0,0.0,0.0,0.0,1.0,0.0
312.81,88.29,86,1470,3.637325581395349,0.2127959183673469,0.0,1.0,0.0,0.0,0.0,1.0,0.0
98.97,97.98,267,3465,0.3706741573033708,0.0285627705627705,0.0,0.0,1.0,0.0,0.0,1.0,0.0
363.09,108.61,222,4282,1.6355405405405403,0.0847944885567491,1.0,0.0,0.0,0.0,0.0,0.0,1.0
85.91,80.5,220,2558,0.3904999999999999,0.0335848318999218,0.0,1.0,0.0,0.0,1.0,0.0,0.0
95.95,80.04,201,1242,0.477363184079602,0.0772544283413848,0.0,1.0,0.0,0.0,0.0,0.0,1.0
69.77,86.27,76,2273,0.9180263157894736,0.0306951165860096,0.0,0.0,1.0,0.0,0.0,1.0,0.0
342.25,80.55,152,2639,2.2516447368421053,0.1296892762410003,0.0,0.0,1.0,1.0,0.0,0.0,0.0
173.23,24.91,30,2942,5.774333333333333,0.0588817131203263,1.0,0.0,0.0,1.0,0.0,0.0,0.0
399.2,136.64,117,2978,3.411965811965812,0.1340496977837474,0.0,1.0,0.0,1.0,0.0,0.0,0.0
214.68,117.66,190,994,1.1298947368421053,0.2159758551307847,1.0,0.0,0.0,1.0,0.0,0.0,0.0
74.57,76.6,231,3017,0.3228138528138528,0.0247166058999005,0.0,0.0,1.0,0.0,0.0,1.0,0.0
130.54,96.13,276,4445,0.4729710144927536,0.0293678290213723,1.0,0.0,0.0,0.0,0.0,0.0,1.0
116.8,116.73,135,4909,0.8651851851851852,0.0237930332043186,0.0,0.0,1.0,0.0,0.0,1.0,0.0
123.56,17.44,159,2175,0.7771069182389937,0.0568091954022988,1.0,0.0,0.0,1.0,0.0,0.0,0.0
316.81,60.95,132,3080,2.4000757575757574,0.1028603896103896,0.0,1.0,0.0,0.0,0.0,1.0,0.0
422.82,11.28,170,4630,2.4871764705882358,0.0913218142548596,0.0,0.0,1.0,0.0,0.0,0.0,1.0
58.21,20.44,83,1345,0.7013253012048193,0.0432788104089219,1.0,0.0,0.0,1.0,0.0,0.0,0.0
183.13,98.18,129,1829,1.419612403100775,0.1001257517769272,1.0,0.0,0.0,1.0,0.0,0.0,0.0
473.15,75.07,30,1564,15.771666666666668,0.3025255754475703,0.0,1.0,0.0,1.0,0.0,0.0,0.0
392.16,58.35,96,1646,4.085,0.2382503037667072,0.0,1.0,0.0,1.0,0.0,0.0,0.0
440.28,73.03,156,1757,2.822307692307692,0.2505862265224814,1.0,0.0,0.0,1.0,0.0,0.0,0.0
155.62,17.67,88,1834,1.768409090909091,0.0848527808069792,0.0,1.0,0.0,0.0,1.0,0.0,0.0
337.36,47.29,69,4606,4.889275362318841,0.0732435953104646,0.0,0.0,1.0,0.0,0.0,1.0,0.0
390.95,139.35,173,653,2.2598265895953755,0.598698315467075,1.0,0.0,0.0,0.0,1.0,0.0,0.0
306.55,103.02,201,3302,1.5251243781094528,0.0928376741368867,0.0,0.0,1.0,0.0,1.0,0.0,0.0
158.12,49.61,215,2922,0.7354418604651163,0.0541136208076659,0.0,0.0,1.0,0.0,0.0,0.0,1.0
215.4,8.79,85,3298,2.534117647058824,0.0653123104912068,1.0,0.0,0.0,0.0,1.0,0.0,0.0
125.66,26.69,231,1336,0.543982683982684,0.0940568862275449,1.0,0.0,0.0,0.0,0.0,1.0,0.0
305.49,37.64,210,1608,1.4547142857142858,0.1899813432835821,1.0,0.0,0.0,1.0,0.0,0.0,0.0
348.55,19.41,134,988,2.601119402985075,0.3527834008097166,1.0,0.0,0.0,1.0,0.0,0.0,0.0
269.11,10.54,3,2056,89.70333333333333,0.1308900778210116,1.0,0.0,0.0,0.0,0.0,1.0,0.0
66.7,103.26,173,567,0.3855491329479769,0.1176366843033509,0.0,1.0,0.0,0.0,0.0,0.0,1.0
247.63,107.4,44,3878,5.627954545454545,0.0638550799381124,1.0,0.0,0.0,0.0,1.0,0.0,0.0
144.92,11.35,234,3929,0.6193162393162392,0.0368847034868923,0.0,1.0,0.0,1.0,0.0,0.0,0.0
313.38,73.3,7,4683,44.76857142857143,0.0669186418962203,0.0,0.0,1.0,0.0,0.0,0.0,1.0
126.05,52.96,270,4655,0.4668518518518518,0.027078410311493,1.0,0.0,0.0,0.0,0.0,0.0,1.0
88.22,45.16,137,1046,0.6439416058394161,0.08434034416826,0.0,0.0,1.0,0.0,0.0,1.0,0.0
114.85,111.21,147,2010,0.7812925170068027,0.057139303482587,0.0,0.0,1.0,0.0,0.0,1.0,0.0
195.74,10.8,155,4233,1.2628387096774194,0.0462414363335695,0.0,1.0,0.0,0.0,1.0,0.0,0.0
234.98,133.47,121,4852,1.94198347107438,0.048429513602638,0.0,0.0,1.0,0.0,0.0,1.0,0.0
494.69,96.7,27,4176,18.32185185185185,0.1184602490421456,0.0,1.0,0.0,0.0,0.0,0.0,1.0
162.76,121.64,281,3444,0.5792170818505338,0.0472590011614401,0.0,0.0,1.0,1.0,0.0,0.0,0.0
400.19,41.71,74,1381,5.407972972972973,0.2897827661115134,1.0,0.0,0.0,0.0,0.0,1.0,0.0
287.43,126.49,64,3300,4.49109375,0.0871,0.0,0.0,1.0,0.0,1.0,0.0,0.0
308.27,144.49,122,906,2.5268032786885244,0.3402538631346578,1.0,0.0,0.0,0.0,0.0,1.0,0.0
124.25,123.12,239,2095,0.5198744769874477,0.059307875894988,0.0,1.0,0.0,1.0,0.0,0.0,0.0
277.78,44.68,279,4165,0.9956272401433692,0.0666938775510204,1.0,0.0,0.0,0.0,0.0,0.0,1.0
139.62,149.79,188,3899,0.7426595744680852,0.0358091818414978,1.0,0.0,0.0,1.0,0.0,0.0,0.0
97.39,43.95,75,1126,1.298533333333333,0.0864920071047957,0.0,0.0,1.0,0.0,0.0,1.0,0.0
369.78,93.71,87,2788,4.250344827586207,0.1326327116212338,0.0,1.0,0.0,0.0,1.0,0.0,0.0
433.05,95.3,148,3319,2.9260135135135137,0.130476047002109,0.0,0.0,1.0,0.0,0.0,0.0,1.0
153.07,65.54,86,3180,1.7798837209302325,0.0481352201257861,0.0,1.0,0.0,0.0,0.0,0.0,1.0
471.51,36.58,150,4276,3.1434,0.1102689429373246,1.0,0.0,0.0,0.0,1.0,0.0,0.0
133.65,132.73,265,2123,0.5043396226415094,0.0629533678756476,0.0,1.0,0.0,0.0,0.0,1.0,0.0
339.32,145.85,264,2680,1.2853030303030302,0.1266119402985074,1.0,0.0,0.0,0.0,1.0,0.0,0.0
466.81,90.71,232,706,2.0121120689655174,0.6612039660056658,0.0,1.0,0.0,0.0,0.0,0.0,1.0
125.65,16.33,143,2485,0.8786713286713287,0.0505633802816901,0.0,0.0,1.0,1.0,0.0,0.0,0.0
356.96,140.96,177,1088,2.016723163841808,0.3280882352941176,0.0,0.0,1.0,1.0,0.0,0.0,0.0
311.38,125.23,262,2160,1.188473282442748,0.1441574074074074,0.0,1.0,0.0,0.0,0.0,0.0,1.0
443.34,118.94,244,4400,1.816967213114754,0.1007590909090909,0.0,1.0,0.0,0.0,1.0,0.0,0.0
479.12,54.56,25,3912,19.1648,0.1224744376278118,1.0,0.0,0.0,0.0,1.0,0.0,0.0
421.3,105.52,168,1766,2.5077380952380954,0.2385617214043035,1.0,0.0,0.0,1.0,0.0,0.0,0.0
127.75,21.35,69,938,1.8514492753623188,0.1361940298507462,1.0,0.0,0.0,0.0,1.0,0.0,0.0
461.5,6.71,266,4617,1.7349624060150377,0.0999566818280268,1.0,0.0,0.0,0.0,0.0,1.0,0.0
334.84,141.13,50,2065,6.6968,0.1621501210653753,1.0,0.0,0.0,0.0,1.0,0.0,0.0
408.21,68.52,5,3282,81.642,0.1243784277879341,0.0,0.0,1.0,1.0,0.0,0.0,0.0
446.07,10.68,120,1697,3.71725,0.262857984678845,0.0,1.0,0.0,0.0,1.0,0.0,0.0
99.63,97.7,148,1206,0.6731756756756756,0.0826119402985074,0.0,0.0,1.0,0.0,0.0,1.0,0.0
71.67,148.93,184,2126,0.3895108695652174,0.0337111947318908,1.0,0.0,0.0,0.0,1.0,0.0,0.0
239.07,65.84,212,4880,1.127688679245283,0.0489897540983606,0.0,1.0,0.0,0.0,0.0,1.0,0.0
345.15,37.18,140,2404,2.4653571428571426,0.1435732113144758,0.0,0.0,1.0,0.0,1.0,0.0,0.0
66.45,134.28,9,4369,7.383333333333334,0.0152094300755321,1.0,0.0,0.0,1.0,0.0,0.0,0.0
320.21,141.58,137,1490,2.3372992700729927,0.2149060402684563,0.0,1.0,0.0,0.0,0.0,0.0,1.0
150.78,133.55,183,4734,0.8239344262295082,0.031850443599493,0.0,0.0,1.0,0.0,1.0,0.0,0.0
322.28,134.47,144,1175,2.2380555555555555,0.2742808510638297,1.0,0.0,0.0,1.0,0.0,0.0,0.0
415.31,114.83,266,1153,1.5613157894736842,0.3601994796183868,0.0,1.0,0.0,0.0,0.0,0.0,1.0
79.77,93.27,156,3663,0.5113461538461538,0.0217772317772317,0.0,0.0,1.0,0.0,1.0,0.0,0.0
155.42,79.44,30,2840,5.180666666666666,0.054725352112676,0.0,0.0,1.0,1.0,0.0,0.0,0.0
246.54,48.36,289,2425,0.8530795847750865,0.1016659793814433,0.0,1.0,0.0,0.0,1.0,0.0,0.0
306.25,66.48,226,2632,1.3550884955752212,0.1163563829787234,0.0,1.0,0.0,0.0,0.0,1.0,0.0
126.86,74.18,229,2120,0.5539737991266376,0.0598396226415094,0.0,0.0,1.0,0.0,1.0,0.0,0.0
335.59,146.35,40,2374,8.38975,0.1413605728727885,1.0,0.0,0.0,1.0,0.0,0.0,0.0
94.06,106.35,252,3762,0.3732539682539683,0.0250026581605528,0.0,1.0,0.0,1.0,0.0,0.0,0.0
80.53,93.46,111,2738,0.7254954954954955,0.0294119795471146,0.0,1.0,0.0,0.0,0.0,0.0,1.0
457.62,33.66,73,4434,6.268767123287671,0.1032070365358592,1.0,0.0,0.0,0.0,1.0,0.0,0.0
211.08,27.18,291,3858,0.725360824742268,0.0547122861586314,1.0,0.0,0.0,0.0,1.0,0.0,0.0
87.05,37.94,162,3931,0.5373456790123456,0.0221444924955482,0.0,1.0,0.0,0.0,1.0,0.0,0.0
215.07,111.29,39,3346,5.514615384615384,0.0642767483562462,0.0,1.0,0.0,1.0,0.0,0.0,0.0
395.2,67.7,79,4282,5.00253164556962,0.0922933208780943,0.0,0.0,1.0,0.0,0.0,1.0,0.0
215.58,107.22,40,2891,5.3895,0.0745693531649948,0.0,1.0,0.0,0.0,0.0,0.0,1.0
290.77,127.0,156,3568,1.8639102564102563,0.0814938340807174,0.0,1.0,0.0,1.0,0.0,0.0,0.0
134.13,76.1,264,1050,0.5080681818181818,0.1277428571428571,0.0,0.0,1.0,1.0,0.0,0.0,0.0
64.3,129.68,248,907,0.2592741935483871,0.0708930540242557,0.0,1.0,0.0,0.0,1.0,0.0,0.0
284.85,41.13,200,664,1.42425,0.4289909638554217,0.0,1.0,0.0,0.0,1.0,0.0,0.0
311.79,109.7,126,2354,2.47452380952381,0.1324511469838572,0.0,0.0,1.0,0.0,1.0,0.0,0.0
364.35,59.89,113,3934,3.224336283185841,0.0926156583629893,0.0,1.0,0.0,0.0,0.0,0.0,1.0
356.46,43.23,158,2749,2.256075949367089,0.1296689705347398,1.0,0.0,0.0,1.0,0.0,0.0,0.0
438.86,85.23,52,3173,8.439615384615385,0.1383107469271982,0.0,0.0,1.0,0.0,0.0,0.0,1.0
360.48,5.72,39,4330,9.243076923076924,0.0832517321016166,0.0,0.0,1.0,1.0,0.0,0.0,0.0
330.21,91.82,145,2039,2.277310344827586,0.1619470328592447,0.0,1.0,0.0,0.0,1.0,0.0,0.0
267.0,70.37,282,537,0.946808510638298,0.4972067039106145,0.0,1.0,0.0,0.0,0.0,1.0,0.0
329.42,32.16,298,2984,1.1054362416107384,0.1103954423592493,1.0,0.0,0.0,0.0,1.0,0.0,0.0
354.3,109.87,189,3310,1.8746031746031744,0.1070392749244713,0.0,1.0,0.0,1.0,0.0,0.0,0.0
317.55,59.12,262,3461,1.2120229007633587,0.091750939034961,0.0,1.0,0.0,1.0,0.0,0.0,0.0
358.65,99.2,173,1506,2.073121387283237,0.2381474103585657,0.0,0.0,1.0,1.0,0.0,0.0,0.0
113.04,134.28,138,994,0.8191304347826087,0.1137223340040241,1.0,0.0,0.0,1.0,0.0,0.0,0.0
414.87,137.22,176,3936,2.3572159090909093,0.1054039634146341,1.0,0.0,0.0,0.0,0.0,1.0,0.0
71.78,117.27,90,4926,0.7975555555555556,0.0145716605765326,0.0,1.0,0.0,0.0,0.0,1.0,0.0
297.99,46.17,56,1083,5.32125,0.2751523545706371,0.0,1.0,0.0,0.0,1.0,0.0,0.0
314.14,133.42,139,4346,2.26,0.0722825586746433,0.0,0.0,1.0,0.0,0.0,0.0,1.0
488.55,90.19,166,2989,2.9430722891566266,0.1634493141518902,0.0,1.0,0.0,0.0,1.0,0.0,0.0
380.47,105.84,273,2466,1.3936630036630038,0.1542862935928629,1.0,0.0,0.0,0.0,0.0,0.0,1.0
186.36,76.05,52,2895,3.583846153846154,0.0643730569948186,0.0,0.0,1.0,0.0,0.0,0.0,1.0
144.5,58.22,181,1269,0.7983425414364641,0.1138691883372734,0.0,1.0,0.0,0.0,0.0,0.0,1.0
451.34,14.87,6,2582,75.22333333333333,0.1748024786986831,0.0,1.0,0.0,0.0,0.0,1.0,0.0
429.69,124.29,75,1907,5.7292,0.2253224960671211,0.0,0.0,1.0,1.0,0.0,0.0,0.0
308.33,121.23,221,685,1.3951583710407238,0.4501167883211678,0.0,0.0,1.0,0.0,0.0,0.0,1.0
274.75,33.29,121,3829,2.270661157024793,0.0717550274223034,1.0,0.0,0.0,0.0,0.0,1.0,0.0
304.77,34.25,127,743,2.399763779527559,0.4101884253028263,1.0,0.0,0.0,0.0,0.0,1.0,0.0
282.56,114.27,200,3482,1.4128,0.0811487650775416,1.0,0.0,0.0,0.0,0.0,1.0,0.0
111.19,116.83,21,869,5.294761904761905,0.12795166858458,0.0,1.0,0.0,0.0,0.0,1.0,0.0
309.25,42.7,284,2079,1.0889084507042253,0.1487493987493987,0.0,0.0,1.0,0.0,1.0,0.0,0.0
190.87,127.23,195,2419,0.9788205128205127,0.0789045059942124,1.0,0.0,0.0,1.0,0.0,0.0,0.0
324.47,143.07,2,2361,162.235,0.137429055484964,0.0,0.0,1.0,0.0,0.0,0.0,1.0
289.89,10.76,9,2169,32.21,0.1336514522821576,0.0,0.0,1.0,0.0,0.0,0.0,1.0
244.81,19.66,5,3352,48.962,0.0730340095465393,0.0,1.0,0.0,0.0,1.0,0.0,0.0
266.27,29.53,194,1877,1.3725257731958762,0.1418593500266382,1.0,0.0,0.0,1.0,0.0,0.0,0.0
72.86,139.21,52,1594,1.4011538461538462,0.0457089084065244,1.0,0.0,0.0,0.0,0.0,0.0,1.0
298.07,34.34,240,4568,1.2419583333333333,0.0652517513134851,0.0,1.0,0.0,0.0,0.0,1.0,0.0
262.64,17.93,131,4931,2.004885496183206,0.0532630298113972,0.0,1.0,0.0,0.0,0.0,0.0,1.0
66.92,32.5,278,967,0.2407194244604316,0.0692037228541882,0.0,0.0,1.0,0.0,1.0,0.0,0.0
227.68,48.53,26,4627,8.756923076923076,0.0492068294791441,0.0,1.0,0.0,1.0,0.0,0.0,0.0
208.43,113.66,260,3949,0.8016538461538462,0.0527804507470245,1.0,0.0,0.0,0.0,0.0,1.0,0.0
144.83,112.22,234,1144,0.6189316239316239,0.1265996503496503,1.0,0.0,0.0,1.0,0.0,0.0,0.0
456.7,51.99,19,3860,24.03684210526316,0.1183160621761658,1.0,0.0,0.0,0.0,0.0,0.0,1.0
194.79,72.98,23,3140,8.469130434782608,0.0620350318471337,0.0,1.0,0.0,0.0,1.0,0.0,0.0
277.53,106.98,142,1220,1.9544366197183096,0.227483606557377,0.0,0.0,1.0,1.0,0.0,0.0,0.0
123.14,12.09,251,4460,0.4905976095617529,0.027609865470852,0.0,0.0,1.0,0.0,0.0,1.0,0.0
308.01,103.21,80,3977,3.850125,0.0774478249937138,1.0,0.0,0.0,1.0,0.0,0.0,0.0
353.7,78.58,27,3141,13.1,0.1126074498567335,1.0,0.0,0.0,0.0,0.0,0.0,1.0
406.98,73.15,122,3372,3.335901639344262,0.1206939501779359,0.0,1.0,0.0,1.0,0.0,0.0,0.0
90.88,60.89,57,2981,1.594385964912281,0.0304864139550486,0.0,1.0,0.0,1.0,0.0,0.0,0.0
147.42,138.07,74,3926,1.992162162162162,0.0375496688741721,1.0,0.0,0.0,1.0,0.0,0.0,0.0
75.53,50.87,89,3369,0.8486516853932584,0.0224191154645295,0.0,1.0,0.0,0.0,0.0,0.0,1.0
364.2,66.54,171,3192,2.1298245614035087,0.1140977443609022,0.0,0.0,1.0,1.0,0.0,0.0,0.0
269.46,104.55,229,4404,1.1766812227074237,0.0611852861035422,0.0,1.0,0.0,0.0,0.0,1.0,0.0
66.41,61.93,132,2199,0.5031060606060606,0.030200090950432,1.0,0.0,0.0,0.0,0.0,1.0,0.0
392.35,15.91,117,4656,3.3534188034188035,0.0842676116838488,0.0,1.0,0.0,1.0,0.0,0.0,0.0
350.3,80.9,23,1300,15.230434782608697,0.2694615384615385,0.0,1.0,0.0,0.0,0.0,0.0,1.0
164.46,17.35,114,1557,1.4426315789473685,0.105626204238921,1.0,0.0,0.0,0.0,0.0,1.0,0.0
258.31,111.81,186,2950,1.388763440860215,0.0875627118644067,0.0,0.0,1.0,0.0,1.0,0.0,0.0
170.99,41.89,60,796,2.8498333333333337,0.2148115577889447,0.0,0.0,1.0,0.0,0.0,0.0,1.0
490.27,9.88,80,4489,6.128375,0.1092158609935397,0.0,1.0,0.0,1.0,0.0,0.0,0.0
365.73,110.35,258,4670,1.4175581395348835,0.0783147751605995,0.0,0.0,1.0,0.0,1.0,0.0,0.0
267.93,115.89,279,3154,0.9603225806451612,0.0849492707672796,0.0,1.0,0.0,0.0,1.0,0.0,0.0
287.82,142.85,227,1079,1.2679295154185022,0.2667469879518072,1.0,0.0,0.0,0.0,1.0,0.0,0.0
158.99,8.67,104,852,1.52875,0.1866079812206572,0.0,0.0,1.0,0.0,0.0,0.0,1.0
321.51,31.15,43,4772,7.476976744186047,0.0673742665549036,0.0,0.0,1.0,0.0,1.0,0.0,0.0
237.14,19.39,203,682,1.168177339901478,0.3477126099706745,1.0,0.0,0.0,0.0,1.0,0.0,0.0
489.17,93.46,104,3022,4.703557692307692,0.1618696227663799,0.0,0.0,1.0,1.0,0.0,0.0,0.0
119.32,113.29,223,2717,0.535067264573991,0.0439160839160839,1.0,0.0,0.0,0.0,0.0,0.0,1.0
402.0,125.51,55,1613,7.309090909090909,0.2492250464972101,0.0,1.0,0.0,0.0,0.0,1.0,0.0
167.55,83.42,287,4429,0.5837979094076655,0.0378302099796793,1.0,0.0,0.0,1.0,0.0,0.0,0.0
152.96,42.06,9,2066,16.995555555555555,0.0740367860600193,0.0,0.0,1.0,0.0,0.0,1.0,0.0
182.68,113.6,146,4342,1.2512328767123289,0.0420727775218793,0.0,0.0,1.0,0.0,0.0,1.0,0.0
421.46,51.65,133,1101,3.168872180451128,0.3827974568574023,0.0,0.0,1.0,0.0,1.0,0.0,0.0
487.72,107.84,239,594,2.040669456066946,0.8210774410774411,0.0,0.0,1.0,0.0,1.0,0.0,0.0
244.6,129.65,73,2477,3.350684931506849,0.0987484860718611,0.0,0.0,1.0,0.0,1.0,0.0,0.0
83.03,80.73,242,1136,0.343099173553719,0.0730897887323943,0.0,0.0,1.0,0.0,0.0,0.0,1.0
457.49,72.07,20,4206,22.8745,0.1087708036138849,1.0,0.0,0.0,0.0,0.0,1.0,0.0
313.26,41.53,197,2197,1.5901522842639593,0.1425853436504324,1.0,0.0,0.0,0.0,0.0,1.0,0.0
135.54,5.65,232,4221,0.5842241379310344,0.0321108742004264,1.0,0.0,0.0,1.0,0.0,0.0,0.0
422.13,101.67,220,4163,1.9187727272727275,0.1014004323804948,1.0,0.0,0.0,0.0,1.0,0.0,0.0
259.99,62.96,48,4650,5.416458333333334,0.0559118279569892,0.0,1.0,0.0,0.0,0.0,1.0,0.0
241.11,69.0,78,1045,3.0911538461538464,0.2307272727272727,0.0,1.0,0.0,0.0,1.0,0.0,0.0
145.78,122.89,275,2535,0.5301090909090909,0.0575069033530572,1.0,0.0,0.0,1.0,0.0,0.0,0.0
130.69,23.35,124,4459,1.0539516129032258,0.029309262166405,0.0,0.0,1.0,0.0,0.0,0.0,1.0
134.42,93.2,242,2782,0.5554545454545454,0.0483177570093457,0.0,0.0,1.0,0.0,1.0,0.0,0.0
70.8,54.97,65,3890,1.0892307692307692,0.0182005141388174,1.0,0.0,0.0,0.0,1.0,0.0,0.0
96.48,24.35,54,2828,1.7866666666666668,0.0341159830268741,0.0,1.0,0.0,1.0,0.0,0.0,0.0
170.05,31.69,132,2877,1.2882575757575758,0.0591067083767813,1.0,0.0,0.0,0.0,0.0,0.0,1.0
213.42,39.95,262,796,0.8145801526717557,0.2681155778894472,0.0,0.0,1.0,0.0,0.0,0.0,1.0
94.46,44.15,132,3753,0.7156060606060606,0.0251691979749533,0.0,1.0,0.0,0.0,0.0,1.0,0.0
474.2,135.53,238,2594,1.992436974789916,0.1828064764841943,1.0,0.0,0.0,0.0,0.0,0.0,1.0
389.11,66.42,120,899,3.2425833333333336,0.432825361512792,1.0,0.0,0.0,1.0,0.0,0.0,0.0
145.92,50.93,49,2192,2.977959183673469,0.0665693430656934,0.0,0.0,1.0,0.0,1.0,0.0,0.0
275.18,85.35,115,2919,2.3928695652173912,0.0942720109626584,1.0,0.0,0.0,0.0,0.0,1.0,0.0
191.25,61.9,272,924,0.703125,0.2069805194805195,0.0,1.0,0.0,0.0,0.0,1.0,0.0
301.01,120.04,95,1354,3.1685263157894736,0.2223116691285081,0.0,0.0,1.0,0.0,1.0,0.0,0.0
351.47,79.9,186,4632,1.8896236559139787,0.0758786701208981,0.0,0.0,1.0,0.0,0.0,1.0,0.0
152.58,60.4,260,2897,0.5868461538461539,0.0526682775284777,0.0,1.0,0.0,0.0,1.0,0.0,0.0
456.54,71.58,23,4497,19.849565217391305,0.1015210140093395,1.0,0.0,0.0,0.0,0.0,0.0,1.0
100.34,82.82,47,3888,2.1348936170212767,0.0258076131687242,0.0,1.0,0.0,0.0,0.0,0.0,1.0
100.03,74.27,119,1679,0.8405882352941176,0.0595771292435973,0.0,0.0,1.0,1.0,0.0,0.0,0.0
319.11,58.81,219,1474,1.457123287671233,0.2164925373134328,0.0,0.0,1.0,0.0,0.0,1.0,0.0
153.74,43.89,87,3658,1.7671264367816093,0.0420284308365226,0.0,0.0,1.0,1.0,0.0,0.0,0.0
130.69,83.4,213,4856,0.6135680751173709,0.026913097199341,0.0,0.0,1.0,0.0,1.0,0.0,0.0
359.04,110.96,34,2901,10.56,0.1237642192347466,0.0,0.0,1.0,1.0,0.0,0.0,0.0
232.68,100.77,170,4231,1.3687058823529412,0.0549940912313873,0.0,1.0,0.0,0.0,0.0,1.0,0.0
270.12,26.21,53,2340,5.0966037735849055,0.1154358974358974,0.0,1.0,0.0,0.0,0.0,0.0,1.0
158.8,135.63,272,1117,0.5838235294117647,0.1421665174574753,0.0,1.0,0.0,1.0,0.0,0.0,0.0
343.27,57.88,16,837,21.454375,0.4101194743130227,0.0,0.0,1.0,0.0,0.0,1.0,0.0
124.24,98.79,167,1640,0.7439520958083832,0.0757560975609756,1.0,0.0,0.0,0.0,0.0,0.0,1.0
122.57,80.55,242,1728,0.5064876033057851,0.0709317129629629,0.0,0.0,1.0,0.0,0.0,0.0,1.0
163.56,29.09,268,2684,0.6102985074626865,0.0609388971684053,0.0,0.0,1.0,1.0,0.0,0.0,0.0
127.63,66.43,180,2987,0.7090555555555556,0.0427284901238701,0.0,1.0,0.0,0.0,1.0,0.0,0.0
451.47,52.07,171,1650,2.6401754385964917,0.2736181818181818,0.0,1.0,0.0,0.0,1.0,0.0,0.0
158.25,74.32,239,897,0.6621338912133892,0.1764214046822742,0.0,1.0,0.0,0.0,0.0,0.0,1.0
327.7,96.17,236,4383,1.3885593220338983,0.0747661419119324,0.0,0.0,1.0,0.0,1.0,0.0,0.0
467.59,25.43,95,2561,4.922,0.1825810230378758,0.0,1.0,0.0,0.0,0.0,1.0,0.0
452.83,5.28,52,4204,8.70826923076923,0.1077140818268315,0.0,0.0,1.0,1.0,0.0,0.0,0.0
320.49,131.99,233,1742,1.3754935622317597,0.1839781859931113,1.0,0.0,0.0,1.0,0.0,0.0,0.0
212.77,71.4,52,1912,4.09173076923077,0.111281380753138,0.0,1.0,0.0,0.0,1.0,0.0,0.0
469.2,14.49,91,1915,5.156043956043956,0.2450130548302872,0.0,1.0,0.0,0.0,1.0,0.0,0.0
353.15,53.51,23,4362,15.354347826086956,0.0809605685465382,0.0,0.0,1.0,1.0,0.0,0.0,0.0
197.68,23.01,151,4621,1.3091390728476822,0.0427786193464618,1.0,0.0,0.0,0.0,1.0,0.0,0.0
207.32,16.12,247,4273,0.8393522267206478,0.048518605195413,1.0,0.0,0.0,1.0,0.0,0.0,0.0
128.5,124.56,14,2787,9.178571428571429,0.0461069250089702,0.0,0.0,1.0,0.0,0.0,0.0,1.0
463.45,34.76,90,1910,5.149444444444445,0.2426439790575916,1.0,0.0,0.0,1.0,0.0,0.0,0.0
69.98,60.27,5,695,13.996,0.1006906474820144,1.0,0.0,0.0,0.0,0.0,0.0,1.0
368.39,139.5,256,1937,1.4390234375,0.1901858544140423,0.0,0.0,1.0,0.0,0.0,1.0,0.0
457.6,70.44,123,570,3.720325203252033,0.8028070175438596,1.0,0.0,0.0,0.0,0.0,1.0,0.0
221.74,148.7,121,1071,1.8325619834710745,0.2070401493930905,0.0,1.0,0.0,0.0,0.0,0.0,1.0
447.29,31.56,27,4083,16.566296296296297,0.1095493509674259,0.0,1.0,0.0,0.0,0.0,1.0,0.0
96.68,73.05,188,1235,0.5142553191489362,0.0782834008097166,0.0,0.0,1.0,0.0,1.0,0.0,0.0
404.85,34.26,38,2804,10.653947368421052,0.1443830242510699,1.0,0.0,0.0,0.0,1.0,0.0,0.0
419.93,95.46,295,4012,1.4234915254237288,0.1046684945164506,1.0,0.0,0.0,0.0,1.0,0.0,0.0
276.82,104.44,267,4871,1.0367790262172285,0.0568302196674194,0.0,0.0,1.0,1.0,0.0,0.0,0.0
465.09,97.19,146,2400,3.18554794520548,0.1937875,0.0,0.0,1.0,1.0,0.0,0.0,0.0
276.66,130.38,106,704,2.6100000000000003,0.3929829545454545,0.0,1.0,0.0,0.0,0.0,0.0,1.0
487.92,103.9,149,2308,3.2746308724832214,0.2114038128249566,1.0,0.0,0.0,0.0,0.0,1.0,0.0
302.87,148.15,116,3175,2.610948275862069,0.0953921259842519,1.0,0.0,0.0,0.0,1.0,0.0,0.0
499.15,13.23,121,4741,4.125206611570248,0.1052836954229065,0.0,0.0,1.0,0.0,0.0,1.0,0.0
218.48,104.28,283,4785,0.7720141342756184,0.0456593521421107,0.0,1.0,0.0,0.0,0.0,0.0,1.0
373.98,82.49,139,3698,2.6905035971223024,0.101130340724716,0.0,1.0,0.0,0.0,0.0,0.0,1.0
444.22,133.57,182,1098,2.440769230769231,0.4045719489981785,0.0,0.0,1.0,0.0,0.0,0.0,1.0
395.48,7.05,238,3868,1.6616806722689077,0.1022440537745605,0.0,1.0,0.0,1.0,0.0,0.0,0.0
152.15,147.03,208,4536,0.7314903846153846,0.0335427689594356,1.0,0.0,0.0,0.0,0.0,0.0,1.0
457.78,19.11,72,716,6.358055555555556,0.6393575418994413,1.0,0.0,0.0,0.0,1.0,0.0,0.0
171.17,56.16,163,1773,1.050122699386503,0.0965425831923293,1.0,0.0,0.0,0.0,0.0,0.0,1.0
191.86,137.51,150,4256,1.2790666666666668,0.0450798872180451,1.0,0.0,0.0,0.0,0.0,1.0,0.0
416.36,105.01,172,1951,2.4206976744186046,0.2134085084572014,0.0,1.0,0.0,0.0,1.0,0.0,0.0
394.32,50.69,68,3627,5.798823529411765,0.1087179487179487,1.0,0.0,0.0,0.0,0.0,1.0,0.0
176.53,49.24,258,647,0.6842248062015504,0.2728438948995363,1.0,0.0,0.0,1.0,0.0,0.0,0.0
382.4,63.47,76,3947,5.031578947368421,0.0968837091461869,1.0,0.0,0.0,0.0,1.0,0.0,0.0
345.47,137.16,11,2439,31.40636363636364,0.1416441164411644,0.0,0.0,1.0,0.0,0.0,0.0,1.0
231.65,143.03,78,2752,2.969871794871795,0.0841751453488372,0.0,1.0,0.0,0.0,1.0,0.0,0.0
432.08,132.94,209,1868,2.0673684210526315,0.231306209850107,0.0,1.0,0.0,0.0,1.0,0.0,0.0
261.79,8.08,220,814,1.1899545454545457,0.3216093366093366,0.0,0.0,1.0,1.0,0.0,0.0,0.0
350.6,115.92,6,1373,58.43333333333334,0.2553532410779315,0.0,0.0,1.0,1.0,0.0,0.0,0.0
487.1,29.42,111,1787,4.3882882882882885,0.2725797425853385,1.0,0.0,0.0,1.0,0.0,0.0,0.0
455.08,29.84,83,1569,5.48289156626506,0.290044614404079,0.0,0.0,1.0,0.0,1.0,0.0,0.0
458.19,73.79,82,4706,5.5876829268292685,0.0973629409264768,1.0,0.0,0.0,1.0,0.0,0.0,0.0
347.98,10.25,61,1712,5.7045901639344265,0.2032593457943925,0.0,1.0,0.0,1.0,0.0,0.0,0.0
437.77,5.37,75,1751,5.8369333333333335,0.2500114220445459,0.0,0.0,1.0,0.0,1.0,0.0,0.0
277.32,117.65,46,716,6.028695652173913,0.3873184357541899,0.0,0.0,1.0,0.0,0.0,1.0,0.0
151.66,104.57,101,4742,1.5015841584158416,0.0319822859552931,0.0,0.0,1.0,0.0,0.0,1.0,0.0
459.1,21.89,214,1100,2.1453271028037384,0.4173636363636364,0.0,0.0,1.0,0.0,0.0,0.0,1.0
97.99,139.83,157,1111,0.624140127388535,0.0881998199819981,1.0,0.0,0.0,0.0,1.0,0.0,0.0
189.17,141.3,288,1189,0.6568402777777778,0.1591000841042893,0.0,0.0,1.0,1.0,0.0,0.0,0.0
190.97,102.11,29,2052,6.585172413793104,0.0930653021442495,0.0,1.0,0.0,0.0,0.0,1.0,0.0
389.18,124.54,298,3199,1.3059731543624162,0.1216567677399187,0.0,0.0,1.0,1.0,0.0,0.0,0.0
363.02,107.02,58,4032,6.258965517241379,0.0900347222222222,1.0,0.0,0.0,0.0,0.0,0.0,1.0
398.88,134.48,59,4127,6.760677966101695,0.0966513205718439,0.0,0.0,1.0,1.0,0.0,0.0,0.0
74.29,87.36,127,2551,0.5849606299212599,0.0291219129753038,0.0,0.0,1.0,0.0,1.0,0.0,0.0
129.4,108.24,255,2541,0.5074509803921569,0.0509248327430145,0.0,0.0,1.0,0.0,0.0,0.0,1.0
473.95,38.1,290,2083,1.6343103448275862,0.2275324051848295,0.0,1.0,0.0,0.0,1.0,0.0,0.0
208.26,55.68,104,4481,2.0025,0.0464762329837089,0.0,1.0,0.0,0.0,1.0,0.0,0.0
323.98,116.09,199,4458,1.6280402010050252,0.072673844773441,0.0,1.0,0.0,0.0,0.0,1.0,0.0
166.44,34.84,216,1190,0.7705555555555555,0.1398655462184874,1.0,0.0,0.0,1.0,0.0,0.0,0.0
320.06,112.28,246,4393,1.3010569105691057,0.0728568176644662,0.0,0.0,1.0,1.0,0.0,0.0,0.0
287.19,8.37,48,4462,5.983125,0.064363514119229,0.0,0.0,1.0,0.0,1.0,0.0,0.0
170.55,50.03,196,2992,0.8701530612244899,0.0570020053475935,0.0,0.0,1.0,0.0,1.0,0.0,0.0
245.14,60.01,57,608,4.3007017543859645,0.4031907894736842,1.0,0.0,0.0,1.0,0.0,0.0,0.0
267.15,79.54,86,4252,3.106395348837209,0.0628292568203198,0.0,1.0,0.0,0.0,0.0,1.0,0.0
281.47,120.51,254,811,1.1081496062992129,0.3470653514180025,0.0,0.0,1.0,1.0,0.0,0.0,0.0
498.19,90.43,37,663,13.464594594594594,0.7514177978883861,1.0,0.0,0.0,1.0,0.0,0.0,0.0
78.23,55.31,144,2923,0.5432638888888889,0.02676359904208,1.0,0.0,0.0,0.0,0.0,0.0,1.0
136.87,84.2,95,2693,1.440736842105263,0.050824359450427,0.0,1.0,0.0,0.0,0.0,0.0,1.0
404.9,47.1,180,4251,2.2494444444444444,0.095248176899553,0.0,1.0,0.0,0.0,1.0,0.0,0.0
187.5,99.55,179,3789,1.047486033519553,0.0494853523357086,0.0,0.0,1.0,1.0,0.0,0.0,0.0
376.89,98.49,272,1604,1.385625,0.2349688279301745,0.0,1.0,0.0,1.0,0.0,0.0,0.0
440.35,113.74,25,1034,17.614,0.4258704061895551,1.0,0.0,0.0,0.0,0.0,0.0,1.0
149.55,94.89,269,4510,0.5559479553903346,0.0331596452328159,1.0,0.0,0.0,0.0,0.0,0.0,1.0
288.5,58.79,179,2305,1.611731843575419,0.1251626898047722,0.0,0.0,1.0,0.0,1.0,0.0,0.0
467.04,65.07,159,4412,2.9373584905660377,0.105856754306437,1.0,0.0,0.0,0.0,1.0,0.0,0.0
58.8,63.86,88,1213,0.6681818181818181,0.048474855729596,0.0,1.0,0.0,0.0,0.0,0.0,1.0
435.93,13.9,299,3000,1.4579598662207358,0.14531,1.0,0.0,0.0,0.0,0.0,1.0,0.0
353.46,56.31,113,2257,3.127964601769911,0.1566061143110323,0.0,1.0,0.0,1.0,0.0,0.0,0.0
434.22,24.06,111,509,3.911891891891892,0.8530844793713164,0.0,1.0,0.0,0.0,0.0,1.0,0.0
492.58,71.78,63,4616,7.818730158730158,0.10671143847487,1.0,0.0,0.0,1.0,0.0,0.0,0.0
334.17,89.24,221,1008,1.512081447963801,0.3315178571428571,0.0,0.0,1.0,0.0,0.0,0.0,1.0
286.11,9.44,292,2114,0.9798287671232876,0.1353405865657521,0.0,1.0,0.0,1.0,0.0,0.0,0.0
425.74,57.35,185,1659,2.3012972972972974,0.2566244725738397,1.0,0.0,0.0,1.0,0.0,0.0,0.0
487.53,99.23,209,1470,2.33267942583732,0.3316530612244898,0.0,1.0,0.0,1.0,0.0,0.0,0.0
464.65,136.59,41,4812,11.332926829268292,0.0965606816292601,0.0,0.0,1.0,0.0,1.0,0.0,0.0
457.13,35.48,265,2425,1.7250188679245282,0.1885072164948453,0.0,1.0,0.0,1.0,0.0,0.0,0.0
223.8,129.37,263,4576,0.8509505703422053,0.0489073426573426,0.0,0.0,1.0,1.0,0.0,0.0,0.0
432.32,21.72,265,4850,1.6313962264150943,0.0891381443298969,0.0,1.0,0.0,0.0,1.0,0.0,0.0
85.88,146.56,259,3434,0.3315830115830115,0.0250087361677344,0.0,1.0,0.0,1.0,0.0,0.0,0.0
209.08,110.92,53,3041,3.944905660377359,0.0687536994409733,0.0,0.0,1.0,1.0,0.0,0.0,0.0
96.34,127.26,18,3262,5.352222222222222,0.0295340282035561,0.0,0.0,1.0,1.0,0.0,0.0,0.0
365.54,122.04,54,4915,6.769259259259259,0.0743723296032553,0.0,0.0,1.0,0.0,0.0,0.0,1.0
130.88,103.91,216,2182,0.6059259259259259,0.0599816681943171,0.0,1.0,0.0,0.0,0.0,0.0,1.0
283.31,55.11,238,2648,1.1903781512605045,0.1069901812688821,0.0,0.0,1.0,1.0,0.0,0.0,0.0
318.57,69.07,35,2225,9.102,0.1431775280898876,1.0,0.0,0.0,0.0,0.0,1.0,0.0
292.78,114.35,214,3198,1.3681308411214952,0.0915509693558474,1.0,0.0,0.0,0.0,0.0,1.0,0.0
251.52,53.86,100,1736,2.5152,0.1448847926267281,0.0,1.0,0.0,1.0,0.0,0.0,0.0
75.96,70.43,185,1961,0.4105945945945946,0.0387353391126976,0.0,1.0,0.0,0.0,0.0,0.0,1.0
324.22,146.2,143,3228,2.267272727272728,0.1004399008674101,1.0,0.0,0.0,0.0,0.0,1.0,0.0
252.45,65.07,81,605,3.1166666666666667,0.4172727272727272,0.0,1.0,0.0,0.0,0.0,1.0,0.0
144.85,129.22,61,3455,2.374590163934426,0.0419247467438494,0.0,1.0,0.0,0.0,0.0,0.0,1.0
165.28,132.44,84,1757,1.967619047619048,0.094069436539556,1.0,0.0,0.0,0.0,0.0,0.0,1.0
149.87,72.14,172,789,0.8713372093023256,0.1899493029150823,0.0,1.0,0.0,1.0,0.0,0.0,0.0
73.79,85.15,147,1962,0.5019727891156464,0.0376095820591233,1.0,0.0,0.0,0.0,1.0,0.0,0.0
217.79,70.02,165,558,1.319939393939394,0.3903046594982078,1.0,0.0,0.0,0.0,0.0,1.0,0.0
92.75,96.78,4,2023,23.1875,0.0458477508650519,0.0,0.0,1.0,0.0,1.0,0.0,0.0
400.31,54.19,148,3113,2.704797297297297,0.1285929971088981,0.0,1.0,0.0,0.0,1.0,0.0,0.0
203.99,141.66,132,3408,1.545378787878788,0.059856220657277,0.0,1.0,0.0,1.0,0.0,0.0,0.0
151.66,74.55,157,770,0.9659872611464968,0.1969610389610389,0.0,1.0,0.0,0.0,0.0,1.0,0.0
112.1,90.06,298,4878,0.3761744966442953,0.022980729807298,0.0,1.0,0.0,0.0,1.0,0.0,0.0
481.96,124.71,148,3253,3.2564864864864864,0.1481586228097141,1.0,0.0,0.0,0.0,0.0,0.0,1.0
95.5,145.12,199,4643,0.4798994974874372,0.0205685978892957,0.0,0.0,1.0,0.0,0.0,1.0,0.0
327.31,35.85,144,3416,2.272986111111111,0.0958167447306791,0.0,1.0,0.0,1.0,0.0,0.0,0.0
375.45,22.0,204,4554,1.840441176470588,0.0824440052700922,0.0,1.0,0.0,0.0,1.0,0.0,0.0
116.11,134.0,250,2093,0.46444,0.0554753941710463,0.0,0.0,1.0,1.0,0.0,0.0,0.0
178.18,75.78,173,3452,1.029942196531792,0.0516164542294322,0.0,1.0,0.0,0.0,1.0,0.0,0.0
217.95,90.25,18,1141,12.108333333333333,0.1910166520595968,0.0,0.0,1.0,0.0,0.0,0.0,1.0
468.74,90.2,156,2992,3.00474358974359,0.1566644385026738,0.0,1.0,0.0,1.0,0.0,0.0,0.0
354.96,107.25,275,4577,1.2907636363636363,0.0775529823028184,1.0,0.0,0.0,1.0,0.0,0.0,0.0
220.63,141.91,106,1407,2.0814150943396226,0.1568088130774698,1.0,0.0,0.0,0.0,0.0,1.0,0.0
258.76,21.01,211,2906,1.226350710900474,0.089043358568479,0.0,1.0,0.0,0.0,1.0,0.0,0.0
216.11,31.2,25,3667,8.644400000000001,0.058933733296973,0.0,1.0,0.0,0.0,1.0,0.0,0.0
381.7,67.37,272,4624,1.4033088235294118,0.0825475778546712,0.0,0.0,1.0,1.0,0.0,0.0,0.0
308.63,141.82,243,2255,1.2700823045267489,0.1368647450110864,0.0,0.0,1.0,0.0,0.0,1.0,0.0
244.7,46.11,106,3331,2.308490566037736,0.0734614229960972,0.0,1.0,0.0,0.0,0.0,0.0,1.0
427.17,17.53,230,3162,1.8572608695652173,0.1350948766603415,0.0,0.0,1.0,0.0,0.0,0.0,1.0
295.35,34.1,31,2875,9.52741935483871,0.1027304347826087,1.0,0.0,0.0,0.0,0.0,1.0,0.0
474.09,144.57,125,4167,3.79272,0.1137724982001439,0.0,0.0,1.0,0.0,0.0,0.0,1.0
183.68,91.49,243,823,0.7558847736625515,0.22318347509113,0.0,1.0,0.0,1.0,0.0,0.0,0.0
137.44,19.25,138,1316,0.9959420289855072,0.1044376899696048,0.0,1.0,0.0,0.0,0.0,1.0,0.0
104.25,91.33,224,4338,0.4654017857142857,0.0240318118948824,1.0,0.0,0.0,0.0,0.0,0.0,1.0
237.09,106.18,119,3766,1.9923529411764709,0.0629553903345725,0.0,1.0,0.0,0.0,1.0,0.0,0.0
73.14,29.03,206,3573,0.3550485436893204,0.0204701931150293,0.0,0.0,1.0,0.0,0.0,1.0,0.0
160.0,93.23,100,1555,1.6,0.1028938906752411,0.0,1.0,0.0,1.0,0.0,0.0,0.0
130.28,109.25,13,3870,10.021538461538462,0.0336640826873385,0.0,1.0,0.0,0.0,0.0,1.0,0.0
473.9,124.56,151,3949,3.13841059602649,0.1200050645733096,0.0,1.0,0.0,0.0,0.0,1.0,0.0
174.93,20.56,68,4061,2.5725,0.0430755971435607,1.0,0.0,0.0,0.0,0.0,1.0,0.0
83.58,74.7,138,4488,0.6056521739130435,0.0186229946524064,0.0,1.0,0.0,1.0,0.0,0.0,0.0
309.59,118.66,200,1668,1.54795,0.1856055155875299,1.0,0.0,0.0,0.0,0.0,0.0,1.0
230.69,110.43,215,3367,1.0729767441860465,0.0685149985149985,0.0,0.0,1.0,1.0,0.0,0.0,0.0
56.28,17.77,62,4346,0.9077419354838708,0.0129498389323515,1.0,0.0,0.0,0.0,1.0,0.0,0.0
312.24,90.24,256,2188,1.2196875,0.1427056672760512,1.0,0.0,0.0,0.0,0.0,1.0,0.0
353.35,57.77,267,4532,1.3234082397003746,0.0779677846425419,0.0,1.0,0.0,0.0,1.0,0.0,0.0
434.14,59.63,147,2377,2.953333333333333,0.1826419856962557,0.0,0.0,1.0,0.0,0.0,1.0,0.0
429.57,58.85,278,1904,1.5452158273381296,0.2256144957983193,0.0,0.0,1.0,1.0,0.0,0.0,0.0
125.42,9.58,243,2946,0.5161316872427983,0.0425729803122878,1.0,0.0,0.0,0.0,0.0,0.0,1.0
173.98,9.86,48,1748,3.624583333333333,0.0995308924485125,1.0,0.0,0.0,0.0,0.0,0.0,1.0
95.13,115.78,57,851,1.6689473684210523,0.111786133960047,0.0,1.0,0.0,1.0,0.0,0.0,0.0
154.29,113.89,27,958,5.714444444444444,0.161054279749478,0.0,0.0,1.0,0.0,0.0,1.0,0.0
282.7,53.96,194,1342,1.4572164948453608,0.210655737704918,1.0,0.0,0.0,1.0,0.0,0.0,0.0
97.3,148.23,250,817,0.3892,0.119094247246022,0.0,0.0,1.0,1.0,0.0,0.0,0.0
157.53,9.26,162,2338,0.9724074074074074,0.0673781009409752,0.0,1.0,0.0,0.0,0.0,1.0,0.0
93.6,82.73,115,1429,0.8139130434782608,0.0655003498950314,0.0,1.0,0.0,0.0,0.0,0.0,1.0
227.87,89.26,234,4164,0.9738034188034188,0.054723823246878,0.0,0.0,1.0,1.0,0.0,0.0,0.0
125.58,97.49,188,2992,0.6679787234042553,0.0419719251336898,1.0,0.0,0.0,0.0,1.0,0.0,0.0
137.19,22.14,251,4006,0.5465737051792828,0.0342461308037943,1.0,0.0,0.0,1.0,0.0,0.0,0.0
87.79,41.18,267,1761,0.3288014981273408,0.0498523566155593,0.0,1.0,0.0,0.0,0.0,0.0,1.0
214.84,97.91,295,2418,0.728271186440678,0.0888502894954507,0.0,1.0,0.0,1.0,0.0,0.0,0.0
60.54,68.91,84,4532,0.7207142857142858,0.0133583406884377,0.0,0.0,1.0,0.0,0.0,0.0,1.0
248.07,55.51,165,4446,1.5034545454545454,0.0557962213225371,0.0,0.0,1.0,0.0,0.0,0.0,1.0
274.99,135.81,250,3902,1.09996,0.0704741158380317,0.0,1.0,0.0,0.0,0.0,1.0,0.0
291.92,103.82,184,2900,1.586521739130435,0.1006620689655172,1.0,0.0,0.0,1.0,0.0,0.0,0.0
230.77,34.85,162,2439,1.4245061728395063,0.0946166461664616,1.0,0.0,0.0,0.0,1.0,0.0,0.0
297.66,41.48,39,4960,7.632307692307693,0.0600120967741935,0.0,0.0,1.0,1.0,0.0,0.0,0.0
308.48,73.96,79,1225,3.904810126582279,0.2518204081632653,1.0,0.0,0.0,0.0,0.0,1.0,0.0
402.76,24.74,142,1726,2.836338028169014,0.2333487833140208,0.0,0.0,1.0,0.0,1.0,0.0,0.0
381.37,84.98,56,708,6.810178571428572,0.5386581920903954,0.0,0.0,1.0,1.0,0.0,0.0,0.0
494.28,137.37,172,2275,2.873720930232558,0.217265934065934,0.0,1.0,0.0,1.0,0.0,0.0,0.0
386.59,63.33,291,1491,1.328487972508591,0.2592823608316565,0.0,0.0,1.0,0.0,1.0,0.0,0.0
173.61,115.49,61,3409,2.846065573770492,0.0509269580522147,0.0,0.0,1.0,0.0,1.0,0.0,0.0
206.95,136.15,50,2509,4.138999999999999,0.0824830609804703,1.0,0.0,0.0,0.0,1.0,0.0,0.0
188.4,36.79,161,4307,1.1701863354037267,0.0437427443696308,1.0,0.0,0.0,0.0,0.0,1.0,0.0
308.83,87.0,205,532,1.5064878048780488,0.5805075187969925,1.0,0.0,0.0,0.0,0.0,1.0,0.0
300.67,101.69,78,4020,3.85474358974359,0.0747935323383084,0.0,0.0,1.0,0.0,0.0,0.0,1.0
434.46,143.12,15,839,28.964,0.5178307508939213,0.0,0.0,1.0,0.0,1.0,0.0,0.0
196.88,10.23,72,1735,2.734444444444444,0.1134755043227665,0.0,0.0,1.0,0.0,0.0,1.0,0.0
170.99,42.3,66,2540,2.590757575757576,0.0673188976377952,0.0,0.0,1.0,1.0,0.0,0.0,0.0
450.99,146.91,161,1911,2.8011801242236025,0.2359968602825745,1.0,0.0,0.0,1.0,0.0,0.0,0.0
445.18,120.04,52,1478,8.561153846153847,0.3012043301759134,0.0,1.0,0.0,0.0,0.0,1.0,0.0
365.05,32.66,108,1574,3.3800925925925926,0.2319250317662007,1.0,0.0,0.0,1.0,0.0,0.0,0.0
151.99,141.47,259,1358,0.5868339768339769,0.1119219440353461,0.0,1.0,0.0,0.0,1.0,0.0,0.0
203.43,145.99,232,2831,0.8768534482758621,0.0718580007064641,1.0,0.0,0.0,0.0,1.0,0.0,0.0
55.09,123.51,279,2705,0.1974551971326165,0.0203659889094269,0.0,1.0,0.0,0.0,0.0,0.0,1.0
262.11,114.43,48,4722,5.460625,0.0555082592121982,0.0,1.0,0.0,0.0,0.0,1.0,0.0
193.75,34.86,3,4417,64.58333333333333,0.0438646139913968,1.0,0.0,0.0,0.0,0.0,0.0,1.0
52.38,108.73,267,1139,0.1961797752808989,0.0459877085162423,0.0,0.0,1.0,1.0,0.0,0.0,0.0
482.73,96.34,249,4725,1.9386746987951808,0.1021650793650793,0.0,1.0,0.0,0.0,1.0,0.0,0.0
343.38,79.82,201,958,1.7083582089552238,0.3584342379958246,1.0,0.0,0.0,1.0,0.0,0.0,0.0
181.36,64.01,237,2961,0.7652320675105486,0.0612495778453225,0.0,0.0,1.0,0.0,0.0,1.0,0.0
98.77,113.48,294,4963,0.3359523809523809,0.0199012693935119,0.0,1.0,0.0,0.0,1.0,0.0,0.0
470.26,112.6,84,1010,5.598333333333334,0.4656039603960396,0.0,1.0,0.0,0.0,0.0,1.0,0.0
403.68,26.65,76,790,5.311578947368421,0.5109873417721519,0.0,0.0,1.0,0.0,0.0,0.0,1.0
411.11,102.17,223,751,1.843542600896861,0.5474167776298269,0.0,0.0,1.0,0.0,1.0,0.0,0.0
390.47,81.38,264,1726,1.4790530303030305,0.2262282734646581,0.0,0.0,1.0,1.0,0.0,0.0,0.0
477.29,18.58,64,2458,7.45765625,0.1941781936533767,0.0,1.0,0.0,0.0,0.0,1.0,0.0
398.49,113.14,192,4028,2.07546875,0.0989299900695134,0.0,1.0,0.0,0.0,0.0,0.0,1.0
382.23,127.31,236,3391,1.6196186440677969,0.1127189619581244,0.0,0.0,1.0,0.0,0.0,0.0,1.0
55.42,27.32,120,1272,0.4618333333333334,0.0435691823899371,1.0,0.0,0.0,0.0,1.0,0.0,0.0
97.24,130.47,113,2757,0.8605309734513273,0.0352702212549873,0.0,1.0,0.0,0.0,1.0,0.0,0.0
433.34,46.68,254,3280,1.7060629921259842,0.1321158536585365,0.0,1.0,0.0,0.0,0.0,0.0,1.0
259.25,58.82,182,1270,1.4244505494505495,0.2041338582677165,1.0,0.0,0.0,0.0,1.0,0.0,0.0
77.74,42.37,183,2152,0.4248087431693989,0.0361245353159851,0.0,1.0,0.0,0.0,0.0,1.0,0.0
452.06,13.63,128,946,3.53171875,0.4778646934460888,0.0,1.0,0.0,0.0,0.0,0.0,1.0
266.71,97.81,219,1023,1.2178538812785389,0.260713587487781,1.0,0.0,0.0,0.0,1.0,0.0,0.0
455.6,91.44,178,3077,2.559550561797753,0.1480662983425414,0.0,0.0,1.0,0.0,0.0,0.0,1.0
247.88,78.16,215,4712,1.1529302325581394,0.0526061120543293,0.0,1.0,0.0,0.0,0.0,1.0,0.0
325.84,53.7,293,1770,1.1120819112627989,0.184090395480226,0.0,1.0,0.0,1.0,0.0,0.0,0.0
144.41,43.55,229,4312,0.6306113537117903,0.0334902597402597,0.0,1.0,0.0,1.0,0.0,0.0,0.0
61.17,37.3,96,589,0.6371875,0.1038539898132427,0.0,0.0,1.0,0.0,0.0,0.0,1.0
240.81,30.25,203,3953,1.186256157635468,0.0609182899064002,0.0,1.0,0.0,0.0,0.0,1.0,0.0
91.16,46.25,49,616,1.860408163265306,0.1479870129870129,1.0,0.0,0.0,0.0,1.0,0.0,0.0
61.77,98.34,3,2861,20.59,0.0215903530234183,1.0,0.0,0.0,0.0,1.0,0.0,0.0
255.55,141.84,126,979,2.028174603174603,0.2610316649642492,0.0,0.0,1.0,0.0,1.0,0.0,0.0
58.89,127.04,174,2303,0.338448275862069,0.0255709943551888,0.0,1.0,0.0,1.0,0.0,0.0,0.0
226.49,106.23,294,2571,0.770374149659864,0.0880941267989109,0.0,0.0,1.0,1.0,0.0,0.0,0.0
147.94,57.55,72,3269,2.0547222222222223,0.0452554297950443,0.0,1.0,0.0,0.0,0.0,0.0,1.0
111.47,101.22,158,3404,0.7055063291139241,0.032746768507638,0.0,0.0,1.0,0.0,1.0,0.0,0.0
221.24,89.37,266,3715,0.8317293233082708,0.0595531628532974,1.0,0.0,0.0,0.0,1.0,0.0,0.0
403.33,145.8,3,2336,134.44333333333333,0.1726583904109589,0.0,0.0,1.0,0.0,0.0,1.0,0.0
364.53,91.74,195,1663,1.8693846153846152,0.2192002405291641,0.0,0.0,1.0,0.0,0.0,1.0,0.0
384.22,42.64,240,1692,1.6009166666666668,0.227080378250591,0.0,1.0,0.0,1.0,0.0,0.0,0.0
223.75,32.25,67,2028,3.33955223880597,0.1103303747534516,0.0,1.0,0.0,0.0,1.0,0.0,0.0
91.25,137.58,26,3351,3.5096153846153846,0.0272306774097284,0.0,0.0,1.0,0.0,0.0,1.0,0.0
151.72,39.86,249,3796,0.6093172690763052,0.0399683877766069,0.0,1.0,0.0,0.0,1.0,0.0,0.0
400.86,84.0,230,2312,1.7428695652173911,0.1733823529411765,0.0,1.0,0.0,0.0,0.0,1.0,0.0
379.83,74.03,262,2534,1.4497328244274807,0.1498934490923441,1.0,0.0,0.0,0.0,0.0,1.0,0.0
362.46,123.43,10,3680,36.246,0.0984945652173913,0.0,1.0,0.0,0.0,1.0,0.0,0.0
463.16,8.76,217,4662,2.134377880184332,0.0993479193479193,0.0,0.0,1.0,0.0,0.0,0.0,1.0
386.13,108.68,232,1414,1.664353448275862,0.2730763790664781,1.0,0.0,0.0,0.0,1.0,0.0,0.0
429.94,95.58,286,1536,1.5032867132867134,0.2799088541666666,0.0,1.0,0.0,1.0,0.0,0.0,0.0
209.8,83.57,81,3672,2.590123456790124,0.0571350762527233,0.0,1.0,0.0,1.0,0.0,0.0,0.0
402.22,140.61,165,641,2.4376969696969697,0.6274882995319814,0.0,0.0,1.0,1.0,0.0,0.0,0.0
396.87,13.93,154,4173,2.577077922077922,0.0951042415528396,0.0,1.0,0.0,0.0,0.0,0.0,1.0
109.93,46.85,34,1966,3.233235294117647,0.0559155645981688,0.0,0.0,1.0,0.0,1.0,0.0,0.0
80.2,148.82,277,3539,0.2895306859205776,0.0226617688612602,0.0,1.0,0.0,0.0,1.0,0.0,0.0
420.51,78.43,134,3165,3.138134328358209,0.1328625592417061,0.0,0.0,1.0,0.0,1.0,0.0,0.0
245.89,130.17,282,603,0.871950354609929,0.4077777777777777,0.0,1.0,0.0,0.0,1.0,0.0,0.0
415.93,19.19,155,3791,2.6834193548387097,0.1097151147454497,0.0,0.0,1.0,0.0,0.0,0.0,1.0
100.5,54.65,116,3973,0.8663793103448276,0.0252957462874402,0.0,0.0,1.0,0.0,1.0,0.0,0.0
408.61,5.42,69,3924,5.921884057971015,0.1041309887869521,1.0,0.0,0.0,0.0,0.0,0.0,1.0
155.21,35.99,146,3843,1.063082191780822,0.0403877179287015,0.0,1.0,0.0,1.0,0.0,0.0,0.0
213.92,57.53,248,1281,0.8625806451612903,0.1669945355191257,0.0,0.0,1.0,0.0,1.0,0.0,0.0
82.47,24.26,216,1542,0.3818055555555555,0.0534824902723735,1.0,0.0,0.0,1.0,0.0,0.0,0.0
231.52,138.67,67,3608,3.455522388059701,0.0641685144124168,0.0,1.0,0.0,0.0,0.0,1.0,0.0
418.87,17.47,86,602,4.870581395348837,0.6957973421926911,1.0,0.0,0.0,0.0,0.0,1.0,0.0
307.65,147.52,12,3946,25.6375,0.0779650278763304,0.0,1.0,0.0,0.0,0.0,1.0,0.0
439.24,148.45,115,2626,3.819478260869565,0.1672658035034272,0.0,0.0,1.0,0.0,0.0,0.0,1.0
245.79,148.06,159,2252,1.5458490566037737,0.1091429840142095,0.0,0.0,1.0,0.0,1.0,0.0,0.0
234.9,69.54,142,2227,1.6542253521126762,0.1054782218230803,1.0,0.0,0.0,0.0,1.0,0.0,0.0
307.21,148.45,205,957,1.4985853658536583,0.3210135841170323,0.0,1.0,0.0,0.0,0.0,1.0,0.0
386.41,45.87,239,2311,1.6167782426778243,0.167204673301601,0.0,0.0,1.0,0.0,0.0,0.0,1.0
326.25,89.95,79,3805,4.129746835443038,0.085742444152431,0.0,0.0,1.0,1.0,0.0,0.0,0.0
194.33,123.76,257,3900,0.756147859922179,0.0498282051282051,1.0,0.0,0.0,0.0,1.0,0.0,0.0
407.42,109.69,221,2021,1.8435294117647056,0.20159327065809,0.0,1.0,0.0,0.0,0.0,0.0,1.0
425.55,76.22,122,3162,3.4881147540983606,0.1345825426944971,0.0,1.0,0.0,1.0,0.0,0.0,0.0
443.96,102.64,177,3575,2.508248587570621,0.1241846153846153,0.0,1.0,0.0,0.0,0.0,0.0,1.0
135.93,11.17,18,3463,7.551666666666667,0.0392520935604966,1.0,0.0,0.0,0.0,1.0,0.0,0.0
244.24,86.06,142,4021,1.72,0.0607411091768216,0.0,0.0,1.0,0.0,0.0,0.0,1.0
167.42,118.68,247,2758,0.6778137651821862,0.06070340826686,1.0,0.0,0.0,0.0,1.0,0.0,0.0
174.35,10.08,295,1504,0.5910169491525423,0.1159242021276595,1.0,0.0,0.0,1.0,0.0,0.0,0.0
288.17,120.27,127,4082,2.2690551181102365,0.0705952964233219,0.0,0.0,1.0,1.0,0.0,0.0,0.0
268.9,124.98,220,2058,1.2222727272727272,0.1306608357628765,0.0,0.0,1.0,0.0,1.0,0.0,0.0
224.71,43.24,43,577,5.225813953488372,0.3894454072790295,0.0,1.0,0.0,0.0,0.0,0.0,1.0
290.38,113.03,202,1472,1.4375247524752477,0.1972690217391304,1.0,0.0,0.0,0.0,1.0,0.0,0.0
477.79,129.68,17,1748,28.10529411764706,0.2733352402745995,0.0,1.0,0.0,1.0,0.0,0.0,0.0
434.42,23.0,216,4160,2.011203703703704,0.1044278846153846,1.0,0.0,0.0,0.0,1.0,0.0,0.0
297.76,39.58,39,4388,7.634871794871795,0.0678577939835916,0.0,0.0,1.0,1.0,0.0,0.0,0.0
84.67,48.8,141,1537,0.6004964539007093,0.0550878334417696,0.0,0.0,1.0,0.0,0.0,1.0,0.0
480.84,33.19,87,877,5.526896551724137,0.5482782212086659,1.0,0.0,0.0,1.0,0.0,0.0,0.0
336.43,107.78,133,3282,2.529548872180451,0.1025076173065204,0.0,1.0,0.0,1.0,0.0,0.0,0.0
360.59,144.64,189,4254,1.9078835978835975,0.0847649271274094,0.0,0.0,1.0,1.0,0.0,0.0,0.0
130.58,8.51,86,2895,1.518372093023256,0.0451053540587219,1.0,0.0,0.0,0.0,0.0,0.0,1.0
352.68,5.47,165,4420,2.137454545454545,0.0797918552036199,0.0,0.0,1.0,0.0,0.0,0.0,1.0
95.38,65.3,48,1391,1.987083333333333,0.0685693745506829,0.0,0.0,1.0,0.0,0.0,1.0,0.0
306.27,11.8,65,1432,4.711846153846153,0.2138756983240223,1.0,0.0,0.0,1.0,0.0,0.0,0.0
283.73,134.31,128,1454,2.216640625,0.1951375515818432,1.0,0.0,0.0,1.0,0.0,0.0,0.0
102.16,9.49,140,2317,0.7297142857142856,0.0440914976262408,0.0,0.0,1.0,0.0,0.0,0.0,1.0
304.73,18.05,94,2512,3.241808510638298,0.1213097133757961,1.0,0.0,0.0,0.0,0.0,1.0,0.0
301.36,72.74,243,3947,1.240164609053498,0.0763516594882189,1.0,0.0,0.0,1.0,0.0,0.0,0.0
337.9,111.58,273,1904,1.2377289377289376,0.1774684873949579,1.0,0.0,0.0,1.0,0.0,0.0,0.0
175.44,28.0,190,4331,0.9233684210526316,0.0405079658277534,0.0,0.0,1.0,1.0,0.0,0.0,0.0
68.06,56.79,111,2902,0.6131531531531532,0.0234527911784975,0.0,1.0,0.0,0.0,0.0,0.0,1.0
134.91,80.97,35,3328,3.854571428571429,0.040537860576923,0.0,1.0,0.0,0.0,0.0,0.0,1.0
130.47,146.15,75,1589,1.7396,0.0821082441787287,0.0,0.0,1.0,0.0,0.0,1.0,0.0
102.85,88.49,33,2873,3.1166666666666667,0.0357988165680473,1.0,0.0,0.0,0.0,1.0,0.0,0.0
268.05,142.18,224,2134,1.1966517857142858,0.1256091846298032,1.0,0.0,0.0,0.0,0.0,1.0,0.0
268.02,106.39,86,1010,3.1165116279069767,0.2653663366336633,1.0,0.0,0.0,0.0,0.0,0.0,1.0
111.0,137.91,285,3242,0.3894736842105263,0.0342381246144355,0.0,1.0,0.0,0.0,1.0,0.0,0.0
192.03,16.01,183,4325,1.049344262295082,0.0444,1.0,0.0,0.0,0.0,0.0,1.0,0.0
487.46,69.79,229,2475,2.128646288209607,0.1969535353535353,0.0,0.0,1.0,1.0,0.0,0.0,0.0
59.94,69.22,121,3739,0.4953719008264463,0.0160310243380583,1.0,0.0,0.0,0.0,1.0,0.0,0.0
443.68,69.59,137,1733,3.238540145985401,0.2560184650894402,1.0,0.0,0.0,1.0,0.0,0.0,0.0
451.08,120.76,261,4949,1.7282758620689656,0.0911456859971711,0.0,1.0,0.0,0.0,0.0,1.0,0.0
442.95,143.88,150,2615,2.953,0.1693881453154875,1.0,0.0,0.0,0.0,0.0,0.0,1.0
433.43,75.01,104,3638,4.167596153846154,0.1191396371632765,0.0,0.0,1.0,0.0,1.0,0.0,0.0
276.76,88.09,192,3533,1.4414583333333333,0.0783356920464194,0.0,0.0,1.0,0.0,0.0,1.0,0.0
262.56,7.04,179,4072,1.4668156424581005,0.0644793713163064,0.0,0.0,1.0,0.0,0.0,1.0,0.0
122.03,112.25,241,1312,0.5063485477178423,0.0930106707317073,0.0,1.0,0.0,0.0,0.0,1.0,0.0
467.37,17.33,173,2364,2.7015606936416185,0.1977030456852792,0.0,0.0,1.0,0.0,0.0,1.0,0.0
199.39,5.95,7,4614,28.48428571428571,0.0432141309059384,0.0,1.0,0.0,0.0,1.0,0.0,0.0
154.2,118.26,38,683,4.057894736842105,0.2257686676427525,1.0,0.0,0.0,0.0,0.0,1.0,0.0
178.77,67.08,39,4988,4.583846153846154,0.0358400160384923,0.0,0.0,1.0,0.0,1.0,0.0,0.0
259.04,74.75,185,2016,1.4002162162162164,0.1284920634920635,1.0,0.0,0.0,1.0,0.0,0.0,0.0
339.59,86.87,45,4919,7.546444444444444,0.069036389510063,0.0,1.0,0.0,0.0,1.0,0.0,0.0
255.77,77.0,167,3007,1.531556886227545,0.0850581975390755,0.0,0.0,1.0,0.0,0.0,0.0,1.0
443.02,20.5,259,4137,1.7105019305019304,0.1070872613004592,1.0,0.0,0.0,0.0,1.0,0.0,0.0
270.06,137.48,261,1443,1.0347126436781608,0.1871517671517671,1.0,0.0,0.0,1.0,0.0,0.0,0.0
150.75,118.95,27,2711,5.583333333333333,0.0556067871634083,0.0,1.0,0.0,1.0,0.0,0.0,0.0
250.8,123.49,102,1529,2.458823529411765,0.1640287769784172,0.0,0.0,1.0,1.0,0.0,0.0,0.0
271.38,124.17,290,4121,0.9357931034482758,0.0658529483135161,0.0,1.0,0.0,1.0,0.0,0.0,0.0
256.52,81.75,194,739,1.3222680412371133,0.3471177266576454,1.0,0.0,0.0,0.0,0.0,0.0,1.0
64.24,39.35,29,4625,2.2151724137931037,0.0138897297297297,0.0,0.0,1.0,1.0,0.0,0.0,0.0
392.29,114.36,255,1619,1.5383921568627452,0.2423038912909203,1.0,0.0,0.0,0.0,0.0,1.0,0.0
486.34,119.54,65,641,7.482153846153846,0.7587207488299531,0.0,1.0,0.0,1.0,0.0,0.0,0.0
227.7,83.01,120,589,1.8975,0.3865874363327674,0.0,0.0,1.0,0.0,0.0,0.0,1.0
230.75,80.33,252,968,0.9156746031746033,0.2383780991735537,1.0,0.0,0.0,1.0,0.0,0.0,0.0
356.11,102.13,113,873,3.15141592920354,0.4079152348224513,1.0,0.0,0.0,0.0,0.0,0.0,1.0
451.73,56.88,2,2062,225.865,0.2190737148399612,0.0,0.0,1.0,1.0,0.0,0.0,0.0
288.76,125.21,298,3009,0.968993288590604,0.0959654370222665,0.0,0.0,1.0,0.0,1.0,0.0,0.0
284.58,129.75,160,3410,1.778625,0.0834545454545454,1.0,0.0,0.0,0.0,0.0,0.0,1.0
374.59,72.05,72,1410,5.202638888888888,0.2656666666666666,0.0,1.0,0.0,0.0,0.0,1.0,0.0
245.63,137.36,217,1519,1.1319354838709677,0.1617050691244239,1.0,0.0,0.0,0.0,0.0,0.0,1.0
405.39,84.6,291,3442,1.3930927835051543,0.1177774549680418,0.0,0.0,1.0,0.0,1.0,0.0,0.0
445.9,15.09,100,4343,4.459,0.1026709647708956,0.0,1.0,0.0,0.0,0.0,0.0,1.0
303.61,37.7,103,4497,2.947669902912621,0.0675138981543251,0.0,1.0,0.0,0.0,0.0,0.0,1.0
437.46,101.85,56,1431,7.811785714285714,0.3057023060796645,0.0,1.0,0.0,0.0,0.0,0.0,1.0
188.86,123.42,237,3384,0.7968776371308017,0.0558096926713948,1.0,0.0,0.0,0.0,0.0,1.0,0.0
456.16,96.56,127,2796,3.5918110236220477,0.1631473533619456,0.0,1.0,0.0,0.0,0.0,1.0,0.0
129.69,107.1,56,4671,2.315892857142857,0.0277649325626204,0.0,0.0,1.0,0.0,0.0,1.0,0.0
463.53,139.33,214,1431,2.1660280373831773,0.3239203354297694,0.0,1.0,0.0,0.0,0.0,0.0,1.0
181.8,67.05,165,2349,1.1018181818181818,0.0773946360153256,0.0,1.0,0.0,0.0,0.0,1.0,0.0
111.06,71.21,202,4732,0.5498019801980198,0.0234699915469146,0.0,1.0,0.0,0.0,1.0,0.0,0.0
488.76,78.6,78,3596,6.266153846153846,0.1359176863181312,0.0,1.0,0.0,0.0,1.0,0.0,0.0
490.22,30.31,37,4480,13.24918918918919,0.1094241071428571,0.0,0.0,1.0,0.0,0.0,1.0,0.0
456.03,5.79,96,3352,4.7503125,0.1360471360381861,0.0,0.0,1.0,0.0,0.0,0.0,1.0
160.87,6.92,288,4788,0.5585763888888889,0.0335985797827903,0.0,0.0,1.0,1.0,0.0,0.0,0.0
291.78,16.28,138,1587,2.114347826086956,0.1838563327032135,1.0,0.0,0.0,0.0,1.0,0.0,0.0
468.28,13.96,131,3378,3.574656488549618,0.1386264061574896,0.0,0.0,1.0,0.0,0.0,0.0,1.0
351.5,28.55,221,3401,1.590497737556561,0.1033519553072625,0.0,1.0,0.0,1.0,0.0,0.0,0.0
134.63,130.7,161,2979,0.8362111801242236,0.0451930177912051,0.0,0.0,1.0,0.0,0.0,1.0,0.0
79.09,80.7,82,4541,0.9645121951219512,0.0174168685311605,0.0,1.0,0.0,1.0,0.0,0.0,0.0
137.83,96.71,29,963,4.752758620689655,0.1431256490134995,0.0,0.0,1.0,0.0,1.0,0.0,0.0
170.72,52.42,96,4956,1.778333333333333,0.0344471347861178,0.0,0.0,1.0,0.0,0.0,1.0,0.0
174.37,56.13,8,1401,21.79625,0.1244610992148465,0.0,1.0,0.0,0.0,0.0,1.0,0.0
50.11,130.9,273,706,0.1835531135531135,0.0709773371104815,0.0,0.0,1.0,0.0,0.0,0.0,1.0
493.59,25.04,2,2489,246.795,0.1983085576536761,0.0,1.0,0.0,0.0,0.0,0.0,1.0
406.44,46.79,85,4920,4.78164705882353,0.0826097560975609,1.0,0.0,0.0,1.0,0.0,0.0,0.0
290.67,89.41,285,1669,1.0198947368421054,0.1741581785500299,1.0,0.0,0.0,1.0,0.0,0.0,0.0
428.95,24.8,46,1870,9.325,0.2293850267379679,0.0,0.0,1.0,0.0,1.0,0.0,0.0
101.47,147.66,274,2535,0.3703284671532846,0.0400276134122287,0.0,1.0,0.0,0.0,1.0,0.0,0.0
152.37,74.9,218,2683,0.6989449541284404,0.0567909057025717,0.0,0.0,1.0,0.0,0.0,0.0,1.0
229.38,148.16,219,4839,1.0473972602739725,0.0474023558586484,0.0,1.0,0.0,0.0,0.0,1.0,0.0
342.55,75.67,91,574,3.764285714285714,0.5967770034843206,1.0,0.0,0.0,0.0,1.0,0.0,0.0
301.99,143.02,282,4829,1.070886524822695,0.0625367570925657,0.0,0.0,1.0,1.0,0.0,0.0,0.0
256.72,116.86,262,1157,0.9798473282442748,0.2218841832324978,1.0,0.0,0.0,0.0,0.0,1.0,0.0
132.89,134.58,229,1935,0.5803056768558952,0.0686770025839793,1.0,0.0,0.0,1.0,0.0,0.0,0.0
476.79,14.41,39,2997,12.225384615384616,0.1590890890890891,0.0,0.0,1.0,0.0,0.0,0.0,1.0
200.92,6.38,69,2715,2.9118840579710144,0.0740036832412523,0.0,0.0,1.0,0.0,0.0,0.0,1.0
242.07,60.68,77,2155,3.1437662337662338,0.1123294663573085,0.0,0.0,1.0,1.0,0.0,0.0,0.0
65.4,135.4,99,3872,0.6606060606060606,0.0168904958677685,1.0,0.0,0.0,0.0,0.0,0.0,1.0
419.46,125.62,78,1000,5.377692307692308,0.41946,1.0,0.0,0.0,0.0,0.0,0.0,1.0
71.5,105.1,11,3468,6.5,0.0206170703575547,0.0,0.0,1.0,0.0,1.0,0.0,0.0
54.11,91.15,279,4241,0.1939426523297491,0.012758783305824,1.0,0.0,0.0,1.0,0.0,0.0,0.0
456.43,75.79,179,4064,2.5498882681564248,0.1123105314960629,1.0,0.0,0.0,0.0,0.0,1.0,0.0
398.94,96.33,207,625,1.9272463768115944,0.638304,0.0,1.0,0.0,1.0,0.0,0.0,0.0
444.47,63.39,239,4452,1.8597071129707117,0.0998360287511231,1.0,0.0,0.0,0.0,0.0,0.0,1.0
476.73,107.42,95,4208,5.01821052631579,0.1132913498098859,0.0,1.0,0.0,0.0,1.0,0.0,0.0
309.11,47.32,199,4782,1.553316582914573,0.0646403178586365,1.0,0.0,0.0,1.0,0.0,0.0,0.0
369.48,5.92,237,3153,1.558987341772152,0.1171836346336822,0.0,0.0,1.0,0.0,1.0,0.0,0.0
77.25,22.61,20,3883,3.8625,0.019894411537471,1.0,0.0,0.0,0.0,0.0,1.0,0.0
307.85,82.93,17,2968,18.108823529411765,0.1037230458221024,0.0,0.0,1.0,0.0,0.0,1.0,0.0
292.46,46.11,76,3215,3.848157894736842,0.0909673405909797,1.0,0.0,0.0,0.0,0.0,0.0,1.0
393.68,72.2,251,2771,1.5684462151394425,0.1420714543486106,1.0,0.0,0.0,0.0,0.0,1.0,0.0
397.14,83.47,13,1090,30.549230769230768,0.364348623853211,0.0,0.0,1.0,0.0,0.0,0.0,1.0
362.49,94.32,86,1307,4.215,0.27734506503443,1.0,0.0,0.0,0.0,0.0,0.0,1.0
418.23,72.52,211,1311,1.982132701421801,0.3190160183066362,0.0,1.0,0.0,0.0,0.0,1.0,0.0
465.11,8.17,184,701,2.527771739130435,0.6634950071326676,0.0,0.0,1.0,0.0,0.0,1.0,0.0
365.85,18.19,12,3763,30.4875,0.097222960403933,0.0,0.0,1.0,0.0,1.0,0.0,0.0
499.76,132.47,85,1490,5.879529411764706,0.3354093959731543,0.0,1.0,0.0,0.0,0.0,1.0,0.0
320.43,62.46,259,1908,1.2371814671814672,0.167940251572327,1.0,0.0,0.0,0.0,0.0,0.0,1.0
494.16,31.65,234,3330,2.111794871794872,0.1483963963963964,0.0,0.0,1.0,1.0,0.0,0.0,0.0
447.15,47.41,61,3068,7.330327868852459,0.1457464146023468,0.0,0.0,1.0,1.0,0.0,0.0,0.0
300.44,107.39,26,3028,11.555384615384614,0.0992206076618229,0.0,1.0,0.0,0.0,0.0,1.0,0.0
164.77,145.95,44,867,3.744772727272728,0.1900461361014994,0.0,0.0,1.0,1.0,0.0,0.0,0.0
203.16,100.89,49,1038,4.146122448979591,0.1957225433526011,0.0,1.0,0.0,0.0,0.0,0.0,1.0
165.93,51.83,227,2086,0.7309691629955948,0.0795445829338446,0.0,0.0,1.0,0.0,1.0,0.0,0.0
471.72,58.32,180,4075,2.6206666666666667,0.115759509202454,1.0,0.0,0.0,0.0,1.0,0.0,0.0
160.38,49.8,149,4677,1.0763758389261744,0.0342912123155869,0.0,1.0,0.0,0.0,0.0,0.0,1.0
226.76,134.17,2,4896,113.38,0.0463153594771241,0.0,1.0,0.0,0.0,1.0,0.0,0.0
250.48,113.43,148,4414,1.6924324324324325,0.0567467149977344,0.0,0.0,1.0,1.0,0.0,0.0,0.0
234.2,51.98,186,1296,1.2591397849462365,0.1807098765432098,0.0,1.0,0.0,0.0,1.0,0.0,0.0
279.95,107.86,291,925,0.9620274914089346,0.3026486486486486,0.0,0.0,1.0,0.0,1.0,0.0,0.0
381.3,125.4,31,4021,12.3,0.0948271574235264,0.0,0.0,1.0,0.0,0.0,1.0,0.0
434.94,121.58,133,3423,3.2702255639097744,0.1270639789658194,0.0,1.0,0.0,0.0,0.0,0.0,1.0
400.2,60.54,214,4837,1.8700934579439248,0.0827372338226173,0.0,1.0,0.0,1.0,0.0,0.0,0.0
301.38,39.68,281,2948,1.072526690391459,0.1022320217096336,1.0,0.0,0.0,0.0,0.0,0.0,1.0
85.63,145.35,252,2805,0.3398015873015872,0.0305276292335115,1.0,0.0,0.0,0.0,0.0,0.0,1.0
233.49,55.52,158,4341,1.4777848101265822,0.0537871458189357,0.0,1.0,0.0,0.0,0.0,0.0,1.0
337.81,115.82,65,4689,5.197076923076923,0.072043079547878,1.0,0.0,0.0,1.0,0.0,0.0,0.0
473.45,50.79,230,4913,2.058478260869565,0.0963667820069204,1.0,0.0,0.0,0.0,0.0,1.0,0.0
356.21,48.7,277,1360,1.285956678700361,0.2619191176470588,0.0,0.0,1.0,1.0,0.0,0.0,0.0
377.5,141.17,275,4863,1.3727272727272728,0.0776269792309274,0.0,0.0,1.0,0.0,1.0,0.0,0.0
221.65,62.38,68,1187,3.259558823529412,0.1867312552653749,0.0,0.0,1.0,0.0,0.0,0.0,1.0
297.07,82.01,80,3377,3.713375,0.0879686111933669,0.0,0.0,1.0,1.0,0.0,0.0,0.0
494.75,39.08,231,2743,2.141774891774892,0.180368209989063,1.0,0.0,0.0,1.0,0.0,0.0,0.0
314.41,21.9,174,1191,1.806954022988506,0.2639882451721242,0.0,1.0,0.0,1.0,0.0,0.0,0.0
126.61,126.95,51,4172,2.482549019607843,0.0303475551294343,0.0,0.0,1.0,0.0,0.0,1.0,0.0
475.99,74.13,259,1138,1.837799227799228,0.4182688927943761,0.0,1.0,0.0,0.0,0.0,1.0,0.0
103.5,77.62,23,4357,4.5,0.0237548772090888,0.0,0.0,1.0,0.0,1.0,0.0,0.0
379.74,106.18,194,3687,1.957422680412371,0.1029943043124491,0.0,0.0,1.0,0.0,0.0,0.0,1.0
246.11,103.51,155,619,1.5878064516129031,0.3975928917609047,0.0,0.0,1.0,0.0,0.0,0.0,1.0
181.59,121.96,103,2737,1.763009708737864,0.0663463646328096,0.0,1.0,0.0,0.0,0.0,0.0,1.0
486.21,147.15,104,3020,4.6750961538461535,0.1609966887417218,0.0,0.0,1.0,0.0,0.0,1.0,0.0
251.53,103.36,247,3500,1.0183400809716598,0.0718657142857142,0.0,1.0,0.0,0.0,0.0,0.0,1.0
366.99,29.35,81,3640,4.5307407407407405,0.1008214285714285,1.0,0.0,0.0,1.0,0.0,0.0,0.0
296.72,42.93,152,1979,1.952105263157895,0.1499343102577059,0.0,0.0,1.0,0.0,1.0,0.0,0.0
410.54,104.81,54,4489,7.602592592592593,0.091454666963689,0.0,1.0,0.0,1.0,0.0,0.0,0.0
143.91,55.45,166,2616,0.8669277108433735,0.0550114678899082,0.0,0.0,1.0,0.0,1.0,0.0,0.0
225.29,95.08,47,4733,4.793404255319149,0.0475998309740122,0.0,0.0,1.0,0.0,0.0,1.0,0.0
311.0,29.14,135,4233,2.303703703703704,0.0734703519962201,0.0,1.0,0.0,0.0,0.0,0.0,1.0
71.81,19.23,242,3058,0.2967355371900826,0.0234826684107259,0.0,1.0,0.0,1.0,0.0,0.0,0.0
401.26,60.0,28,4787,14.330714285714285,0.0838228535617296,0.0,0.0,1.0,0.0,0.0,1.0,0.0
338.35,134.78,254,2207,1.3320866141732284,0.1533076574535568,1.0,0.0,0.0,0.0,0.0,1.0,0.0
185.36,119.03,292,846,0.6347945205479453,0.2191016548463357,0.0,0.0,1.0,0.0,1.0,0.0,0.0
129.69,68.45,128,4270,1.013203125,0.0303723653395784,1.0,0.0,0.0,0.0,0.0,0.0,1.0
80.25,131.68,233,1389,0.3444206008583691,0.0577753779697624,1.0,0.0,0.0,0.0,1.0,0.0,0.0
416.77,119.0,291,3290,1.4321993127147763,0.1266778115501519,1.0,0.0,0.0,0.0,1.0,0.0,0.0
302.14,12.39,271,3016,1.1149077490774908,0.1001790450928381,1.0,0.0,0.0,1.0,0.0,0.0,0.0
140.47,46.58,113,2964,1.2430973451327434,0.0473920377867746,0.0,0.0,1.0,0.0,1.0,0.0,0.0
465.3,10.62,85,3792,5.474117647058824,0.1227056962025316,1.0,0.0,0.0,0.0,0.0,1.0,0.0
228.72,62.44,15,1347,15.248,0.1697995545657015,0.0,0.0,1.0,0.0,0.0,1.0,0.0
188.26,91.49,63,764,2.988253968253968,0.246413612565445,1.0,0.0,0.0,1.0,0.0,0.0,0.0
96.89,51.2,24,2272,4.037083333333333,0.0426452464788732,0.0,0.0,1.0,0.0,0.0,1.0,0.0
412.24,7.94,151,1885,2.730066225165563,0.2186949602122015,1.0,0.0,0.0,0.0,0.0,1.0,0.0
123.37,122.51,219,1740,0.5633333333333334,0.0709022988505747,0.0,0.0,1.0,0.0,0.0,1.0,0.0
174.27,95.53,220,603,0.7921363636363636,0.2890049751243781,1.0,0.0,0.0,0.0,0.0,1.0,0.0
212.44,36.05,146,1780,1.455068493150685,0.1193483146067415,1.0,0.0,0.0,0.0,0.0,1.0,0.0
121.49,69.6,206,2788,0.589757281553398,0.0435760401721664,0.0,1.0,0.0,0.0,1.0,0.0,0.0
321.82,53.94,252,1198,1.277063492063492,0.2686310517529215,1.0,0.0,0.0,0.0,1.0,0.0,0.0
205.83,47.74,266,2831,0.773796992481203,0.0727057576827976,1.0,0.0,0.0,0.0,0.0,1.0,0.0
419.63,63.22,61,2639,6.879180327868853,0.159010989010989,1.0,0.0,0.0,0.0,1.0,0.0,0.0
150.29,34.24,287,619,0.5236585365853659,0.242794830371567,1.0,0.0,0.0,1.0,0.0,0.0,0.0
475.06,47.91,240,4021,1.9794166666666664,0.1181447401143994,0.0,1.0,0.0,0.0,0.0,1.0,0.0
238.79,146.31,186,3811,1.2838172043010752,0.062658094988192,1.0,0.0,0.0,1.0,0.0,0.0,0.0
365.42,101.61,84,1665,4.350238095238096,0.2194714714714714,0.0,1.0,0.0,0.0,0.0,1.0,0.0
177.88,5.31,88,4762,2.0213636363636365,0.0373540529189416,1.0,0.0,0.0,0.0,0.0,1.0,0.0
88.08,103.81,297,1992,0.2965656565656565,0.0442168674698795,1.0,0.0,0.0,0.0,0.0,1.0,0.0
453.93,28.23,99,1952,4.585151515151515,0.232546106557377,1.0,0.0,0.0,0.0,1.0,0.0,0.0
254.52,126.06,223,1699,1.1413452914798208,0.1498057680988817,0.0,0.0,1.0,0.0,1.0,0.0,0.0
330.49,119.36,115,4045,2.8738260869565218,0.0817033374536464,1.0,0.0,0.0,0.0,1.0,0.0,0.0
290.71,126.89,137,3908,2.121970802919708,0.0743884339815762,0.0,1.0,0.0,0.0,1.0,0.0,0.0
130.16,98.59,195,663,0.6674871794871795,0.1963197586726998,0.0,1.0,0.0,1.0,0.0,0.0,0.0
452.36,18.3,88,1963,5.140454545454546,0.230443199184921,1.0,0.0,0.0,0.0,0.0,1.0,0.0
380.81,63.54,250,4477,1.52324,0.0850591914228277,1.0,0.0,0.0,0.0,0.0,1.0,0.0
338.64,60.82,204,4697,1.66,0.0720970832446242,1.0,0.0,0.0,1.0,0.0,0.0,0.0
308.68,64.74,179,2813,1.7244692737430167,0.1097333807323142,1.0,0.0,0.0,0.0,1.0,0.0,0.0
205.87,137.18,20,591,10.2935,0.34834179357022,1.0,0.0,0.0,1.0,0.0,0.0,0.0
84.52,70.17,58,4656,1.4572413793103447,0.0181529209621993,0.0,1.0,0.0,1.0,0.0,0.0,0.0
240.85,131.39,40,4898,6.02125,0.0491731318905675,0.0,0.0,1.0,0.0,0.0,0.0,1.0
102.22,144.49,114,2492,0.8966666666666666,0.0410192616372391,1.0,0.0,0.0,0.0,1.0,0.0,0.0
256.5,49.19,161,4284,1.593167701863354,0.0598739495798319,1.0,0.0,0.0,0.0,0.0,1.0,0.0
217.28,118.53,135,1281,1.6094814814814815,0.1696174863387978,1.0,0.0,0.0,0.0,0.0,1.0,0.0
447.31,34.77,236,3472,1.8953813559322037,0.1288335253456221,0.0,1.0,0.0,0.0,0.0,0.0,1.0
440.12,97.31,279,2475,1.5774910394265234,0.1778262626262626,1.0,0.0,0.0,1.0,0.0,0.0,0.0
165.31,109.99,156,873,1.0596794871794872,0.1893585337915234,1.0,0.0,0.0,1.0,0.0,0.0,0.0
252.29,25.59,9,2712,28.03222222222222,0.0930272861356932,0.0,1.0,0.0,0.0,0.0,1.0,0.0
408.58,28.42,48,2915,8.512083333333333,0.1401646655231561,1.0,0.0,0.0,1.0,0.0,0.0,0.0
64.58,40.84,152,2063,0.4248684210526315,0.0313039263208919,0.0,0.0,1.0,1.0,0.0,0.0,0.0
470.1,93.27,287,976,1.6379790940766552,0.4816598360655738,1.0,0.0,0.0,0.0,0.0,0.0,1.0
451.9,36.08,177,3167,2.5531073446327683,0.1426902431323018,0.0,1.0,0.0,1.0,0.0,0.0,0.0
170.93,58.51,178,879,0.9602808988764046,0.1944596131968145,0.0,0.0,1.0,0.0,0.0,0.0,1.0
423.88,148.21,147,3996,2.8835374149659865,0.106076076076076,0.0,1.0,0.0,1.0,0.0,0.0,0.0
256.37,91.98,82,1424,3.1264634146341463,0.1800351123595505,0.0,0.0,1.0,0.0,0.0,1.0,0.0
268.46,65.58,85,4230,3.1583529411764704,0.0634657210401891,0.0,0.0,1.0,0.0,0.0,0.0,1.0
339.2,91.16,102,4628,3.325490196078431,0.0732929991356957,1.0,0.0,0.0,0.0,1.0,0.0,0.0
249.8,44.72,94,513,2.657446808510638,0.4869395711500975,1.0,0.0,0.0,0.0,0.0,1.0,0.0
294.76,83.28,266,1629,1.1081203007518796,0.1809453652547575,0.0,0.0,1.0,0.0,0.0,0.0,1.0
393.78,67.92,215,3367,1.8315348837209304,0.1169527769527769,1.0,0.0,0.0,0.0,0.0,0.0,1.0
361.86,14.03,151,3769,2.396423841059603,0.0960095516052003,1.0,0.0,0.0,1.0,0.0,0.0,0.0
350.17,9.83,205,1172,1.7081463414634148,0.2987798634812287,1.0,0.0,0.0,0.0,0.0,0.0,1.0
365.76,32.08,259,799,1.412200772200772,0.4577722152690863,1.0,0.0,0.0,0.0,1.0,0.0,0.0
210.03,134.47,288,686,0.7292708333333333,0.3061661807580175,0.0,1.0,0.0,1.0,0.0,0.0,0.0
449.06,7.15,129,2898,3.4810852713178293,0.1549551414768806,0.0,0.0,1.0,1.0,0.0,0.0,0.0
495.78,72.07,243,1906,2.040246913580247,0.260115424973767,0.0,1.0,0.0,1.0,0.0,0.0,0.0
334.76,85.39,71,4103,4.714929577464789,0.0815890811601267,0.0,1.0,0.0,0.0,1.0,0.0,0.0
118.52,54.13,271,4501,0.4373431734317343,0.0263319262386136,1.0,0.0,0.0,0.0,0.0,1.0,0.0
221.72,135.05,279,4477,0.7946953405017921,0.0495242349787804,0.0,1.0,0.0,0.0,0.0,1.0,0.0
346.92,103.58,145,4041,2.392551724137931,0.0858500371195248,0.0,0.0,1.0,0.0,0.0,1.0,0.0
314.11,49.12,161,1112,1.950993788819876,0.2824730215827338,0.0,0.0,1.0,0.0,0.0,0.0,1.0
65.0,73.38,189,2699,0.3439153439153439,0.0240829937013708,1.0,0.0,0.0,0.0,0.0,0.0,1.0
328.98,93.82,271,2127,1.213948339483395,0.1546685472496474,0.0,0.0,1.0,0.0,1.0,0.0,0.0
362.23,18.53,188,2753,1.926755319148936,0.1315764620414093,0.0,1.0,0.0,0.0,0.0,1.0,0.0
259.3,24.2,107,3982,2.4233644859813084,0.0651180311401306,0.0,1.0,0.0,1.0,0.0,0.0,0.0
55.44,72.21,298,1291,0.1860402684563758,0.0429434546862897,0.0,1.0,0.0,1.0,0.0,0.0,0.0
96.64,126.47,186,2176,0.5195698924731182,0.0444117647058823,1.0,0.0,0.0,1.0,0.0,0.0,0.0
367.63,66.66,262,977,1.4031679389312977,0.3762845445240532,1.0,0.0,0.0,0.0,0.0,0.0,1.0
415.61,111.97,134,2994,3.1015671641791047,0.138814295257181,0.0,0.0,1.0,0.0,0.0,0.0,1.0
260.62,133.36,159,2253,1.639119496855346,0.1156768752774079,1.0,0.0,0.0,1.0,0.0,0.0,0.0
122.88,111.48,87,2368,1.4124137931034482,0.0518918918918918,0.0,1.0,0.0,0.0,0.0,0.0,1.0
140.78,133.02,36,1117,3.910555555555556,0.1260340196956132,0.0,1.0,0.0,0.0,0.0,1.0,0.0
270.77,89.94,54,4724,5.0142592592592585,0.057317950889077,1.0,0.0,0.0,0.0,1.0,0.0,0.0
222.96,91.71,132,4049,1.6890909090909092,0.0550654482588293,1.0,0.0,0.0,0.0,1.0,0.0,0.0
445.45,140.95,233,3868,1.911802575107296,0.1151628748707342,0.0,0.0,1.0,0.0,0.0,1.0,0.0
447.09,53.89,21,4336,21.29,0.1031111623616236,0.0,1.0,0.0,0.0,0.0,1.0,0.0
55.56,96.27,23,1337,2.415652173913044,0.0415557217651458,1.0,0.0,0.0,0.0,0.0,0.0,1.0
351.23,62.49,34,3543,10.33029411764706,0.0991335026813435,0.0,0.0,1.0,1.0,0.0,0.0,0.0
219.25,52.31,218,3758,1.0057339449541285,0.0583422032996274,1.0,0.0,0.0,0.0,1.0,0.0,0.0
335.28,148.94,268,2940,1.2510447761194028,0.1140408163265306,1.0,0.0,0.0,0.0,1.0,0.0,0.0
484.91,149.83,210,4272,2.3090952380952383,0.1135088951310861,1.0,0.0,0.0,0.0,1.0,0.0,0.0
158.08,8.44,140,1162,1.1291428571428572,0.1360413080895008,1.0,0.0,0.0,0.0,0.0,1.0,0.0
320.44,57.81,74,4790,4.330270270270271,0.0668977035490605,0.0,1.0,0.0,0.0,1.0,0.0,0.0
337.73,56.1,169,4816,1.9984023668639053,0.0701266611295681,1.0,0.0,0.0,0.0,0.0,1.0,0.0
355.12,90.44,280,3530,1.2682857142857142,0.1006005665722379,0.0,1.0,0.0,0.0,0.0,1.0,0.0
149.54,147.27,181,3439,0.8261878453038674,0.0434835708054667,0.0,0.0,1.0,0.0,1.0,0.0,0.0
488.5,16.98,115,857,4.247826086956522,0.5700116686114353,0.0,1.0,0.0,1.0,0.0,0.0,0.0
129.45,103.58,258,658,0.5017441860465116,0.1967325227963525,1.0,0.0,0.0,1.0,0.0,0.0,0.0
231.02,142.25,164,528,1.408658536585366,0.4375378787878788,1.0,0.0,0.0,0.0,1.0,0.0,0.0
152.21,138.06,249,1097,0.611285140562249,0.1387511394712853,0.0,0.0,1.0,1.0,0.0,0.0,0.0
440.17,136.4,35,4546,12.576285714285715,0.0968257809062912,0.0,1.0,0.0,0.0,1.0,0.0,0.0
434.03,94.39,257,1848,1.688832684824903,0.2348647186147186,0.0,1.0,0.0,1.0,0.0,0.0,0.0
387.1,117.85,10,4101,38.71,0.0943916118019995,0.0,1.0,0.0,0.0,1.0,0.0,0.0
300.58,121.89,184,3410,1.6335869565217391,0.0881466275659824,0.0,0.0,1.0,0.0,0.0,0.0,1.0
126.07,36.73,278,2374,0.4534892086330935,0.0531044650379107,0.0,0.0,1.0,0.0,0.0,0.0,1.0
97.0,146.88,84,810,1.1547619047619049,0.119753086419753,0.0,1.0,0.0,0.0,1.0,0.0,0.0
236.07,147.1,57,4903,4.141578947368421,0.0481480726086069,1.0,0.0,0.0,0.0,0.0,0.0,1.0
452.62,124.88,185,2398,2.4465945945945946,0.1887489574645538,0.0,1.0,0.0,0.0,0.0,1.0,0.0
205.49,19.13,221,3680,0.929819004524887,0.0558396739130434,0.0,0.0,1.0,0.0,0.0,0.0,1.0
68.1,111.78,41,4749,1.6609756097560977,0.0143398610233733,1.0,0.0,0.0,0.0,0.0,1.0,0.0
114.13,123.89,187,1148,0.6103208556149733,0.0994163763066202,0.0,0.0,1.0,0.0,0.0,1.0,0.0
168.37,70.94,128,1159,1.315390625,0.1452717860224331,0.0,0.0,1.0,0.0,0.0,0.0,1.0
260.44,149.25,1,805,260.44,0.323527950310559,0.0,1.0,0.0,0.0,0.0,0.0,1.0
263.51,130.24,100,3197,2.6351,0.082424147638411,0.0,1.0,0.0,0.0,0.0,1.0,0.0
139.37,63.29,1,3409,139.37,0.0408829568788501,1.0,0.0,0.0,0.0,0.0,1.0,0.0
454.13,11.16,267,2297,1.7008614232209738,0.1977057030909882,1.0,0.0,0.0,0.0,1.0,0.0,0.0
389.97,5.82,181,1816,2.154530386740332,0.2147411894273128,0.0,1.0,0.0,0.0,0.0,0.0,1.0
450.3,77.13,48,2854,9.38125,0.1577785564120532,0.0,1.0,0.0,0.0,0.0,0.0,1.0
168.23,14.29,248,2003,0.6783467741935484,0.083989016475287,1.0,0.0,0.0,1.0,0.0,0.0,0.0
426.06,75.18,89,4460,4.787191011235955,0.0955291479820627,0.0,1.0,0.0,0.0,0.0,1.0,0.0
483.47,42.74,191,1198,2.531256544502618,0.4035642737896494,0.0,1.0,0.0,0.0,1.0,0.0,0.0
125.24,96.43,5,2344,25.048,0.0534300341296928,1.0,0.0,0.0,0.0,0.0,1.0,0.0
397.05,109.58,63,2116,6.302380952380952,0.1876417769376181,0.0,1.0,0.0,1.0,0.0,0.0,0.0
359.42,5.29,246,2119,1.4610569105691058,0.1696177442189712,1.0,0.0,0.0,0.0,0.0,1.0,0.0
117.36,69.07,130,3067,0.9027692307692308,0.0382654059341375,1.0,0.0,0.0,1.0,0.0,0.0,0.0
431.78,140.35,2,3804,215.89,0.1135068349106203,0.0,0.0,1.0,0.0,1.0,0.0,0.0
82.59,25.08,161,2954,0.5129813664596273,0.0279587000677048,0.0,1.0,0.0,0.0,0.0,1.0,0.0
254.15,68.74,205,3188,1.2397560975609756,0.0797208281053952,0.0,0.0,1.0,0.0,0.0,0.0,1.0
266.61,127.56,147,1475,1.8136734693877552,0.1807525423728813,1.0,0.0,0.0,1.0,0.0,0.0,0.0
214.45,24.95,163,894,1.315644171779141,0.2398769574944071,0.0,1.0,0.0,1.0,0.0,0.0,0.0
384.0,12.4,90,3905,4.266666666666667,0.0983354673495518,1.0,0.0,0.0,1.0,0.0,0.0,0.0
382.58,12.09,11,2182,34.78,0.1753345554537121,0.0,1.0,0.0,1.0,0.0,0.0,0.0
347.33,149.82,235,3482,1.478,0.0997501435956347,0.0,0.0,1.0,0.0,0.0,1.0,0.0
196.53,57.6,149,2044,1.318993288590604,0.0961497064579256,0.0,1.0,0.0,0.0,0.0,0.0,1.0
383.12,13.66,1,4333,383.12,0.0884191091622432,1.0,0.0,0.0,1.0,0.0,0.0,0.0
260.74,98.07,112,4335,2.3280357142857144,0.0601476355247981,0.0,1.0,0.0,0.0,1.0,0.0,0.0
137.45,137.7,220,1882,0.6247727272727273,0.0730340063761955,0.0,1.0,0.0,0.0,0.0,1.0,0.0
73.51,128.74,278,4843,0.2644244604316547,0.0151786083006401,1.0,0.0,0.0,0.0,1.0,0.0,0.0
467.46,70.95,141,4261,3.31531914893617,0.1097066416334193,1.0,0.0,0.0,0.0,0.0,0.0,1.0
426.1,121.09,12,1740,35.50833333333333,0.2448850574712643,1.0,0.0,0.0,1.0,0.0,0.0,0.0
188.07,76.31,43,1024,4.373720930232558,0.183662109375,0.0,0.0,1.0,0.0,0.0,0.0,1.0
438.19,45.9,156,4344,2.8089102564102566,0.100872467771639,1.0,0.0,0.0,0.0,0.0,0.0,1.0
222.77,46.28,106,1859,2.101603773584906,0.1198332436793975,0.0,0.0,1.0,0.0,0.0,1.0,0.0
203.93,133.46,132,3596,1.5449242424242424,0.0567102335928809,1.0,0.0,0.0,0.0,0.0,0.0,1.0
440.09,66.76,19,4807,23.16263157894737,0.0915519034741002,0.0,1.0,0.0,0.0,0.0,1.0,0.0
119.65,125.44,283,3992,0.422791519434629,0.0299724448897795,0.0,1.0,0.0,0.0,0.0,1.0,0.0
496.8,81.28,115,4837,4.32,0.1027082902625594,0.0,1.0,0.0,1.0,0.0,0.0,0.0
100.66,120.7,230,2142,0.4376521739130434,0.0469934640522875,0.0,0.0,1.0,0.0,1.0,0.0,0.0
165.71,149.88,133,1849,1.24593984962406,0.0896214169821525,1.0,0.0,0.0,0.0,0.0,0.0,1.0
476.81,134.39,285,4093,1.673017543859649,0.116494014170535,1.0,0.0,0.0,1.0,0.0,0.0,0.0
381.33,125.1,33,3454,11.555454545454545,0.1104024319629415,1.0,0.0,0.0,0.0,1.0,0.0,0.0
267.65,75.0,74,1285,3.616891891891892,0.2082879377431906,0.0,0.0,1.0,1.0,0.0,0.0,0.0
258.91,42.66,175,3594,1.4794857142857143,0.072039510294936,0.0,1.0,0.0,1.0,0.0,0.0,0.0
364.51,60.34,98,3397,3.719489795918367,0.1073035030909626,1.0,0.0,0.0,1.0,0.0,0.0,0.0
445.88,29.79,255,3690,1.748549019607843,0.1208346883468834,0.0,0.0,1.0,0.0,1.0,0.0,0.0
65.66,115.43,234,2765,0.2805982905982905,0.0237468354430379,0.0,0.0,1.0,0.0,0.0,0.0,1.0
327.97,39.76,120,1931,2.733083333333333,0.1698446400828586,1.0,0.0,0.0,0.0,0.0,0.0,1.0
389.74,53.99,167,964,2.33377245508982,0.4042946058091286,0.0,1.0,0.0,1.0,0.0,0.0,0.0
128.24,123.73,144,1501,0.8905555555555557,0.0854363757495003,0.0,1.0,0.0,0.0,0.0,1.0,0.0
397.64,74.9,284,4308,1.4001408450704225,0.0923026926648096,0.0,0.0,1.0,1.0,0.0,0.0,0.0
400.87,92.11,276,4882,1.452427536231884,0.0821118394100778,0.0,1.0,0.0,0.0,1.0,0.0,0.0
307.45,122.05,270,665,1.1387037037037036,0.4623308270676691,0.0,0.0,1.0,0.0,0.0,0.0,1.0
51.16,92.7,235,3920,0.2177021276595744,0.0130510204081632,1.0,0.0,0.0,0.0,0.0,0.0,1.0
104.2,110.42,112,801,0.9303571428571428,0.130087390761548,0.0,0.0,1.0,0.0,0.0,0.0,1.0
488.62,66.95,6,2751,81.43666666666667,0.1776154125772446,1.0,0.0,0.0,1.0,0.0,0.0,0.0
378.75,109.6,252,2401,1.5029761904761905,0.157746772178259,1.0,0.0,0.0,0.0,1.0,0.0,0.0
177.26,129.95,79,2806,2.24379746835443,0.0631717747683535,0.0,0.0,1.0,1.0,0.0,0.0,0.0
95.03,71.89,287,2799,0.3311149825783972,0.0339514112182922,0.0,1.0,0.0,0.0,0.0,0.0,1.0
142.33,104.26,119,3468,1.1960504201680673,0.0410409457900807,1.0,0.0,0.0,0.0,0.0,0.0,1.0
82.02,108.98,141,3981,0.5817021276595744,0.02060286360211,0.0,0.0,1.0,0.0,0.0,0.0,1.0
279.78,120.38,281,2260,0.9956583629893238,0.1237964601769911,0.0,0.0,1.0,0.0,0.0,1.0,0.0
300.18,104.85,54,568,5.558888888888889,0.5284859154929578,1.0,0.0,0.0,0.0,0.0,0.0,1.0
240.1,101.22,240,4723,1.0004166666666667,0.050836332839297,0.0,1.0,0.0,0.0,1.0,0.0,0.0
109.58,75.45,1,4755,109.58,0.0230452155625657,0.0,1.0,0.0,1.0,0.0,0.0,0.0
92.06,44.17,158,4642,0.5826582278481013,0.0198319689788884,0.0,1.0,0.0,0.0,0.0,0.0,1.0
51.41,77.35,78,4506,0.6591025641025641,0.0114092321349312,0.0,1.0,0.0,0.0,1.0,0.0,0.0
130.36,26.31,270,4038,0.4828148148148148,0.0322833085685983,1.0,0.0,0.0,0.0,0.0,0.0,1.0
150.36,61.38,147,2670,1.022857142857143,0.056314606741573,0.0,0.0,1.0,0.0,0.0,0.0,1.0
476.88,57.33,297,2397,1.6056565656565656,0.1989486858573216,0.0,1.0,0.0,0.0,0.0,1.0,0.0
182.46,18.98,24,3738,7.6025,0.0488121990369181,0.0,0.0,1.0,0.0,0.0,1.0,0.0
157.54,132.38,236,3292,0.6675423728813559,0.0478554070473876,0.0,0.0,1.0,0.0,0.0,0.0,1.0
222.95,108.84,87,974,2.5626436781609194,0.2289014373716632,0.0,0.0,1.0,0.0,1.0,0.0,0.0
313.43,23.6,7,870,44.77571428571429,0.3602643678160919,0.0,1.0,0.0,0.0,0.0,1.0,0.0
464.04,54.64,7,734,66.29142857142857,0.6322070844686649,0.0,1.0,0.0,0.0,0.0,0.0,1.0
470.3,55.25,181,3820,2.5983425414364643,0.1231151832460733,1.0,0.0,0.0,0.0,0.0,0.0,1.0
214.91,21.19,189,3996,1.1370899470899472,0.0537812812812812,0.0,1.0,0.0,0.0,0.0,1.0,0.0
496.42,30.53,46,2697,10.791739130434784,0.1840637745643307,0.0,0.0,1.0,0.0,1.0,0.0,0.0
254.8,139.19,200,1125,1.274,0.2264888888888889,0.0,1.0,0.0,1.0,0.0,0.0,0.0
424.03,106.31,126,3106,3.3653174603174603,0.1365196394075981,0.0,1.0,0.0,1.0,0.0,0.0,0.0
412.03,95.3,94,2134,4.3832978723404254,0.193078725398313,1.0,0.0,0.0,0.0,1.0,0.0,0.0
410.66,15.76,296,3998,1.3873648648648649,0.1027163581790895,0.0,0.0,1.0,0.0,0.0,1.0,0.0
225.67,102.16,134,1447,1.6841044776119405,0.1559571527297857,0.0,0.0,1.0,1.0,0.0,0.0,0.0
76.89,50.21,170,3920,0.4522941176470588,0.0196147959183673,0.0,1.0,0.0,0.0,0.0,0.0,1.0
456.02,92.79,204,4040,2.235392156862745,0.1128762376237623,1.0,0.0,0.0,0.0,0.0,1.0,0.0
129.31,111.84,247,3129,0.5235222672064778,0.0413263023330137,0.0,0.0,1.0,0.0,1.0,0.0,0.0
309.79,39.3,293,2914,1.0573037542662116,0.1063109128345916,1.0,0.0,0.0,0.0,0.0,1.0,0.0
446.83,41.0,75,1391,5.9577333333333335,0.3212293314162472,0.0,0.0,1.0,1.0,0.0,0.0,0.0
282.89,91.7,161,4077,1.7570807453416148,0.0693868040225656,1.0,0.0,0.0,0.0,0.0,0.0,1.0
280.76,145.04,143,2471,1.9633566433566436,0.1136220153783893,0.0,1.0,0.0,0.0,0.0,1.0,0.0
418.12,6.09,46,2271,9.089565217391304,0.1841127256715103,1.0,0.0,0.0,1.0,0.0,0.0,0.0
322.19,123.77,66,718,4.881666666666667,0.4487325905292479,1.0,0.0,0.0,1.0,0.0,0.0,0.0
91.96,8.34,219,1211,0.4199086757990867,0.0759372419488026,0.0,0.0,1.0,0.0,0.0,1.0,0.0
192.16,35.23,277,4753,0.6937184115523466,0.0404292026088786,0.0,1.0,0.0,1.0,0.0,0.0,0.0
194.36,137.37,96,1156,2.0245833333333336,0.1681314878892733,0.0,0.0,1.0,0.0,0.0,0.0,1.0
439.32,113.58,129,932,3.405581395348837,0.4713733905579399,0.0,0.0,1.0,1.0,0.0,0.0,0.0
380.59,144.89,218,2129,1.7458256880733944,0.1787646782527008,0.0,0.0,1.0,0.0,0.0,0.0,1.0
212.2,6.83,208,1332,1.0201923076923076,0.1593093093093093,0.0,1.0,0.0,0.0,0.0,0.0,1.0
173.54,77.51,196,1373,0.8854081632653061,0.1263947560087399,0.0,0.0,1.0,0.0,0.0,1.0,0.0
429.94,120.72,279,4736,1.5410035842293908,0.09078125,0.0,1.0,0.0,0.0,0.0,0.0,1.0
92.58,99.3,167,3191,0.5543712574850299,0.0290128486367909,0.0,0.0,1.0,1.0,0.0,0.0,0.0
116.5,56.17,235,1807,0.4957446808510638,0.0644714997232982,0.0,0.0,1.0,1.0,0.0,0.0,0.0
270.25,8.64,16,2857,16.890625,0.0945922296114805,1.0,0.0,0.0,0.0,0.0,0.0,1.0
464.39,5.36,222,2824,2.0918468468468467,0.1644440509915014,0.0,0.0,1.0,0.0,0.0,0.0,1.0
470.37,96.77,30,3661,15.679,0.1284812892652281,0.0,0.0,1.0,0.0,0.0,0.0,1.0
487.05,147.75,16,3053,30.440625,0.1595316082541762,1.0,0.0,0.0,1.0,0.0,0.0,0.0
