nm                                                    Building_ID,Building_Type,Consumption_Energy_Usage,Consumption_Energy_Ur_Consumption,Occupants,Floor_Area,Energy_Efficiency_Rating
B0001,Commercial,332.15,37.44,16,2930,B
B0002,Industrial,234.68,109.89,53,1122,B
B0003,Commercial,320.71,48.0,269,4852,A
B0004,Industrial,66.93,126.21,219,4069,A
B0005,Industrial,107.63,53.15,76,894,C
B0006,Commercial,466.13,134.53,16,1922,C
B0007,Residential,121.47,72.6,272,1448,A
B0008,Residential,469.97,62.97,109,1564,B
B0009,Commercial,114.02,17.85,295,1512,A+
B0010,Residential,382.46,58.63,187,3977,B
B0011,Commercial,476.42,107.83,118,4676,C
B0012,Residential,203.0,86.76,111,1162,C
B0013,Industrial,228.48,126.42,33,811,B
B0014,Commercial,316.15,57.31,98,2451,C
B0015,Industrial,385.47,46.48,91,1978,B
B0016,Commercial,353.11,34.38,229,569,B
B0017,Industrial,192.87,57.97,66,3268,B
B0018,Industrial,275.61,61.36,91,4910,A
B0019,Commercial,120.71,54.29,9,1510,A
B0020,Residential,80.6,8.31,55,2188,B
B0021,Commercial,436.7,14.42,49,1688,C
B0022,Residential,340.59,13.47,288,1318,C
B0023,Industrial,127.01,47.63,206,1587,A
B0024,Residential,386.68,12.34,15,1607,A
B0025,Industrial,493.4,57.7,213,4571,C
B0026,Industrial,290.43,126.28,39,657,C
B0027,Commercial,435.75,38.21,5,2280,C
B0028,Commercial,282.97,113.86,243,846,A
B0029,Residential,406.58,45.64,257,3461,A
B0030,Industrial,416.18,12.77,261,2731,B
B0031,Residential,434.12,28.19,226,4782,A
B0032,Residential,454.79,118.76,221,2866,A+
B0033,Residential,459.66,104.23,192,2145,A
B0034,Residential,112.93,91.2,193,4037,A+
B0035,Industrial,240.07,62.44,12,1996,B
B0036,Industrial,217.59,63.79,158,560,A
B0037,Commercial,188.69,142.39,156,1378,B
B0038,Commercial,115.71,60.97,219,2420,A+
B0039,Commercial,142.7,128.79,48,3195,B
B0040,Residential,368.35,103.62,134,4885,B
B0041,Commercial,235.92,74.52,194,3344,A
B0042,Residential,436.74,55.78,296,3700,B
B0043,Residential,250.04,128.2,17,705,A+
B0044,Residential,323.16,86.54,8,4562,A+
B0045,Commercial,154.94,132.14,3,2319,B
B0046,Commercial,53.33,138.68,122,1056,C
B0047,Industrial,175.92,75.72,192,3646,B
B0048,Residential,304.47,50.76,86,3418,A+
B0049,Residential,250.81,122.48,224,1873,A
B0050,Residential,316.04,131.65,198,4282,C
B0051,Industrial,369.72,110.8,158,3438,A+
B0052,Commercial,214.26,20.64,221,2655,A
B0053,Industrial,78.01,86.97,187,1600,A
B0054,Commercial,308.03,136.91,134,1479,C
B0055,Industrial,216.57,48.28,200,2302,A
B0056,Industrial,376.55,66.86,27,560,B
B0057,Industrial,439.43,101.84,287,4153,C
B0058,Residential,270.98,9.67,187,2880,B
B0059,Commercial,260.3,146.56,40,1202,B
B0060,Residential,260.09,75.4,184,2556,B
B0061,Residential,400.13,99.15,254,4900,A+
B0062,Industrial,317.58,134.83,212,2751,B
B0063,Commercial,221.44,21.71,172,4905,C
B0064,Industrial,398.87,79.5,99,3818,B
B0065,Industrial,99.13,85.8,51,2000,A+
B0066,Residential,93.21,81.64,59,4792,C
B0067,Residential,453.93,27.78,92,4588,A+
B0068,Industrial,267.46,61.78,249,2668,C
B0069,Industrial,260.6,94.91,17,1399,B
B0070,Industrial,151.49,76.73,266,642,A
B0071,Industrial,192.4,92.94,285,4152,A+
B0072,Commercial,481.82,63.4,61,2040,C
B0073,Residential,331.36,136.06,207,3645,A+
B0074,Residential,133.06,68.58,118,1716,C
B0075,Industrial,151.23,75.61,8,949,A
B0076,Residential,253.49,52.87,100,4014,A
B0077,Commercial,390.06,22.72,249,3535,C
B0078,Industrial,265.54,121.17,73,2587,B
B0079,Commercial,428.78,5.06,205,2218,A+
B0080,Industrial,187.74,76.73,271,3551,B
B0081,Commercial,407.55,48.05,205,2805,C
B0082,Residential,374.18,24.2,153,1027,A+
B0083,Industrial,206.87,42.97,283,4980,B
B0084,Residential,251.49,48.62,37,3396,B
B0085,Residential,127.81,61.73,186,2639,C
B0086,Commercial,184.69,38.3,177,3232,B
B0087,Residential,465.75,70.23,203,1283,B
B0088,Residential,111.65,144.9,82,1320,C
B0089,Commercial,375.03,71.96,52,3895,B
B0090,Residential,393.54,84.78,42,4835,A
B0091,Industrial,199.99,117.07,229,4788,A+
B0092,Residential,376.22,23.66,53,695,A+
B0093,Residential,419.47,109.31,262,3851,A+
B0094,Residential,493.28,82.95,70,2230,A+
B0095,Residential,172.58,148.28,157,1385,B
B0096,Residential,152.08,14.57,239,1558,C
B0097,Commercial,369.38,68.76,170,4806,B
B0098,Residential,179.21,61.16,19,3298,A+
B0099,Industrial,465.87,133.71,183,2460,C
B0100,Residential,292.11,48.85,196,4678,A+
B0101,Industrial,359.66,117.84,150,2710,B
B0102,Industrial,224.69,7.44,170,3061,C
B0103,Commercial,164.39,54.73,7,2758,C
B0104,Residential,293.14,79.11,193,2904,B
B0105,Residential,298.27,43.78,266,4018,C
B0106,Industrial,456.68,53.52,148,4152,C
B0107,Commercial,336.89,30.32,9,1147,C
B0108,Residential,188.11,125.82,44,1619,C
B0109,Commercial,116.6,96.24,7,3420,C
B0110,Residential,411.91,56.06,296,3056,B
B0111,Industrial,202.95,80.93,294,3219,A
B0112,Residential,480.02,131.48,9,1453,B
B0113,Industrial,355.35,54.46,267,2837,B
B0114,Residential,121.68,68.15,25,4072,B
B0115,Commercial,218.0,75.72,6,1280,B
B0116,Industrial,229.74,47.86,248,4900,B
B0117,Industrial,118.05,87.59,179,4403,A+
B0118,Commercial,155.89,39.08,252,572,B
B0119,Residential,227.65,132.94,146,3274,A+
B0120,Commercial,371.03,121.56,147,2766,C
B0121,Residential,488.94,20.42,173,2283,A
B0122,Industrial,150.78,72.35,42,1647,A
B0123,Residential,233.33,12.46,177,1778,A+
B0124,Commercial,468.61,39.12,222,4184,A
B0125,Industrial,63.62,33.56,259,2293,C
B0126,Commercial,164.95,148.74,185,526,A+
B0127,Commercial,485.77,26.07,292,1243,A
B0128,Industrial,370.69,146.72,10,2898,C
B0129,Commercial,379.2,131.98,283,4577,A
B0130,Industrial,312.53,132.9,293,4608,B
B0131,Commercial,261.12,53.03,121,1209,A+
B0132,Residential,153.93,73.08,276,3409,A
B0133,Industrial,387.46,129.1,260,1777,A+
B0134,Residential,155.65,107.06,74,4588,B
B0135,Commercial,200.09,137.79,122,2952,A+
B0136,Commercial,482.09,74.74,168,2018,B
B0137,Residential,482.51,83.27,83,510,B
B0138,Industrial,345.63,8.83,127,702,C
B0139,Industrial,142.14,137.22,154,1506,A
B0140,Industrial,366.19,31.3,116,2564,A+
B0141,Industrial,386.16,25.35,90,3863,A+
B0142,Residential,100.49,16.48,120,1778,B
B0143,Residential,477.58,9.82,1,3941,A+
B0144,Industrial,347.41,72.87,207,3007,A
B0145,Commercial,302.87,111.96,90,2463,A+
B0146,Industrial,374.69,34.32,207,4835,A
B0147,Residential,194.57,44.13,224,3543,A
B0148,Industrial,71.52,48.44,101,4315,C
B0149,Residential,441.16,121.06,256,949,A+
B0150,Industrial,241.09,118.65,151,4264,A
B0151,Residential,492.85,101.93,109,1056,C
B0152,Industrial,307.92,74.48,113,1353,C
B0153,Residential,213.5,41.76,37,2788,B
B0154,Commercial,78.31,36.84,147,2897,C
B0155,Commercial,458.92,21.62,285,3489,A
B0156,Industrial,409.2,33.25,234,3031,B
B0157,Industrial,312.81,88.29,86,1470,B
B0158,Residential,98.97,97.98,267,3465,B
B0159,Commercial,363.09,108.61,222,4282,C
B0160,Industrial,85.91,80.5,220,2558,A+
B0161,Industrial,95.95,80.04,201,1242,C
B0162,Residential,69.77,86.27,76,2273,B
B0163,Residential,342.25,80.55,152,2639,A
B0164,Commercial,173.23,24.91,30,2942,A
B0165,Industrial,399.2,136.64,117,2978,A
B0166,Commercial,214.68,117.66,190,994,A
B0167,Residential,74.57,76.6,231,3017,B
B0168,Commercial,130.54,96.13,276,4445,C
B0169,Residential,116.8,116.73,135,4909,B
B0170,Commercial,123.56,17.44,159,2175,A
B0171,Industrial,316.81,60.95,132,3080,B
B0172,Residential,422.82,11.28,170,4630,C
B0173,Commercial,58.21,20.44,83,1345,A
B0174,Commercial,183.13,98.18,129,1829,A
B0175,Industrial,473.15,75.07,30,1564,A
B0176,Industrial,392.16,58.35,96,1646,A
B0177,Commercial,440.28,73.03,156,1757,A
B0178,Industrial,155.62,17.67,88,1834,A+
B0179,Residential,337.36,47.29,69,4606,B
B0180,Commercial,390.95,139.35,173,653,A+
B0181,Residential,306.55,103.02,201,3302,A+
B0182,Residential,158.12,49.61,215,2922,C
B0183,Commercial,215.4,8.79,85,3298,A+
B0184,Commercial,125.66,26.69,231,1336,B
B0185,Commercial,305.49,37.64,210,1608,A
B0186,Commercial,348.55,19.41,134,988,A
B0187,Commercial,269.11,10.54,3,2056,B
B0188,Industrial,66.7,103.26,173,567,C
B0189,Commercial,247.63,107.4,44,3878,A+
B0190,Industrial,144.92,11.35,234,3929,A
B0191,Residential,313.38,73.3,7,4683,C
B0192,Commercial,126.05,52.96,270,4655,C
B0193,Residential,88.22,45.16,137,1046,B
B0194,Residential,114.85,111.21,147,2010,B
B0195,Industrial,195.74,10.8,155,4233,A+
B0196,Residential,234.98,133.47,121,4852,B
B0197,Industrial,494.69,96.7,27,4176,C
B0198,Residential,162.76,121.64,281,3444,A
B0199,Commercial,400.19,41.71,74,1381,B
B0200,Residential,287.43,126.49,64,3300,A+
B0201,Commercial,308.27,144.49,122,906,B
B0202,Industrial,124.25,123.12,239,2095,A
B0203,Commercial,277.78,44.68,279,4165,C
B0204,Commercial,139.62,149.79,188,3899,A
B0205,Residential,97.39,43.95,75,1126,B
B0206,Industrial,369.78,93.71,87,2788,A+
B0207,Residential,433.05,95.3,148,3319,C
B0208,Industrial,153.07,65.54,86,3180,C
B0209,Commercial,471.51,36.58,150,4276,A+
B0210,Industrial,133.65,132.73,265,2123,B
B0211,Commercial,339.32,145.85,264,2680,A+
B0212,Industrial,466.81,90.71,232,706,C
B0213,Residential,125.65,16.33,143,2485,A
B0214,Residential,356.96,140.96,177,1088,A
B0215,Industrial,311.38,125.23,262,2160,C
B0216,Industrial,443.34,118.94,244,4400,A+
B0217,Commercial,479.12,54.56,25,3912,A+
B0218,Commercial,421.3,105.52,168,1766,A
B0219,Commercial,127.75,21.35,69,938,A+
B0220,Commercial,461.5,6.71,266,4617,B
B0221,Commercial,334.84,141.13,50,2065,A+
B0222,Residential,408.21,68.52,5,3282,A
B0223,Industrial,446.07,10.68,120,1697,A+
B0224,Residential,99.63,97.7,148,1206,B
B0225,Commercial,71.67,148.93,184,2126,A+
B0226,Industrial,239.07,65.84,212,4880,B
B0227,Residential,345.15,37.18,140,2404,A+
B0228,Commercial,66.45,134.28,9,4369,A
B0229,Industrial,320.21,141.58,137,1490,C
B0230,Residential,150.78,133.55,183,4734,A+
B0231,Commercial,322.28,134.47,144,1175,A
B0232,Industrial,415.31,114.83,266,1153,C
B0233,Residential,79.77,93.27,156,3663,A+
B0234,Residential,155.42,79.44,30,2840,A
B0235,Industrial,246.54,48.36,289,2425,A+
B0236,Industrial,306.25,66.48,226,2632,B
B0237,Residential,126.86,74.18,229,2120,A+
B0238,Commercial,335.59,146.35,40,2374,A
B0239,Industrial,94.06,106.35,252,3762,A
B0240,Industrial,80.53,93.46,111,2738,C
B0241,Commercial,457.62,33.66,73,4434,A+
B0242,Commercial,211.08,27.18,291,3858,A+
B0243,Industrial,87.05,37.94,162,3931,A+
B0244,Industrial,215.07,111.29,39,3346,A
B0245,Residential,395.2,67.7,79,4282,B
B0246,Industrial,215.58,107.22,40,2891,C
B0247,Industrial,290.77,127.0,156,3568,A
B0248,Residential,134.13,76.1,264,1050,A
B0249,Industrial,64.3,129.68,248,907,A+
B0250,Industrial,284.85,41.13,200,664,A+
B0251,Residential,311.79,109.7,126,2354,A+
B0252,Industrial,364.35,59.89,113,3934,C
B0253,Commercial,356.46,43.23,158,2749,A
B0254,Residential,438.86,85.23,52,3173,C
B0255,Residential,360.48,5.72,39,4330,A
B0256,Industrial,330.21,91.82,145,2039,A+
B0257,Industrial,267.0,70.37,282,537,B
B0258,Commercial,329.42,32.16,298,2984,A+
B0259,Industrial,354.3,109.87,189,3310,A
B0260,Industrial,317.55,59.12,262,3461,A
B0261,Residential,358.65,99.2,173,1506,A
B0262,Commercial,113.04,134.28,138,994,A
B0263,Commercial,414.87,137.22,176,3936,B
B0264,Industrial,71.78,117.27,90,4926,B
B0265,Industrial,297.99,46.17,56,1083,A+
B0266,Residential,314.14,133.42,139,4346,C
B0267,Industrial,488.55,90.19,166,2989,A+
B0268,Commercial,380.47,105.84,273,2466,C
B0269,Residential,186.36,76.05,52,2895,C
B0270,Industrial,144.5,58.22,181,1269,C
B0271,Industrial,451.34,14.87,6,2582,B
B0272,Residential,429.69,124.29,75,1907,A
B0273,Residential,308.33,121.23,221,685,C
B0274,Commercial,274.75,33.29,121,3829,B
B0275,Commercial,304.77,34.25,127,743,B
B0276,Commercial,282.56,114.27,200,3482,B
B0277,Industrial,111.19,116.83,21,869,B
B0278,Residential,309.25,42.7,284,2079,A+
B0279,Commercial,190.87,127.23,195,2419,A
B0280,Residential,324.47,143.07,2,2361,C
B0281,Residential,289.89,10.76,9,2169,C
B0282,Industrial,244.81,19.66,5,3352,A+
B0283,Commercial,266.27,29.53,194,1877,A
B0284,Commercial,72.86,139.21,52,1594,C
B0285,Industrial,298.07,34.34,240,4568,B
B0286,Industrial,262.64,17.93,131,4931,C
B0287,Residential,66.92,32.5,278,967,A+
B0288,Industrial,227.68,48.53,26,4627,A
B0289,Commercial,208.43,113.66,260,3949,B
B0290,Commercial,144.83,112.22,234,1144,A
B0291,Commercial,456.7,51.99,19,3860,C
B0292,Industrial,194.79,72.98,23,3140,A+
B0293,Residential,277.53,106.98,142,1220,A
B0294,Residential,123.14,12.09,251,4460,B
B0295,Commercial,308.01,103.21,80,3977,A
B0296,Commercial,353.7,78.58,27,3141,C
B0297,Industrial,406.98,73.15,122,3372,A
B0298,Industrial,90.88,60.89,57,2981,A
B0299,Commercial,147.42,138.07,74,3926,A
B0300,Industrial,75.53,50.87,89,3369,C
B0301,Residential,364.2,66.54,171,3192,A
B0302,Industrial,269.46,104.55,229,4404,B
B0303,Commercial,66.41,61.93,132,2199,B
B0304,Industrial,392.35,15.91,117,4656,A
B0305,Industrial,350.3,80.9,23,1300,C
B0306,Commercial,164.46,17.35,114,1557,B
B0307,Residential,258.31,111.81,186,2950,A+
B0308,Residential,170.99,41.89,60,796,C
B0309,Industrial,490.27,9.88,80,4489,A
B0310,Residential,365.73,110.35,258,4670,A+
B0311,Industrial,267.93,115.89,279,3154,A+
B0312,Commercial,287.82,142.85,227,1079,A+
B0313,Residential,158.99,8.67,104,852,C
B0314,Residential,321.51,31.15,43,4772,A+
B0315,Commercial,237.14,19.39,203,682,A+
B0316,Residential,489.17,93.46,104,3022,A
B0317,Commercial,119.32,113.29,223,2717,C
B0318,Industrial,402.0,125.51,55,1613,B
B0319,Commercial,167.55,83.42,287,4429,A
B0320,Residential,152.96,42.06,9,2066,B
B0321,Residential,182.68,113.6,146,4342,B
B0322,Residential,421.46,51.65,133,1101,A+
B0323,Residential,487.72,107.84,239,594,A+
B0324,Residential,244.6,129.65,73,2477,A+
B0325,Residential,83.03,80.73,242,1136,C
B0326,Commercial,457.49,72.07,20,4206,B
B0327,Commercial,313.26,41.53,197,2197,B
B0328,Commercial,135.54,5.65,232,4221,A
B0329,Commercial,422.13,101.67,220,4163,A+
B0330,Industrial,259.99,62.96,48,4650,B
B0331,Industrial,241.11,69.0,78,1045,A+
B0332,Commercial,145.78,122.89,275,2535,A
B0333,Residential,130.69,23.35,124,4459,C
B0334,Residential,134.42,93.2,242,2782,A+
B0335,Commercial,70.8,54.97,65,3890,A+
B0336,Industrial,96.48,24.35,54,2828,A
B0337,Commercial,170.05,31.69,132,2877,C
B0338,Residential,213.42,39.95,262,796,C
B0339,Industrial,94.46,44.15,132,3753,B
B0340,Commercial,474.2,135.53,238,2594,C
B0341,Commercial,389.11,66.42,120,899,A
B0342,Residential,145.92,50.93,49,2192,A+
B0343,Commercial,275.18,85.35,115,2919,B
B0344,Industrial,191.25,61.9,272,924,B
B0345,Residential,301.01,120.04,95,1354,A+
B0346,Residential,351.47,79.9,186,4632,B
B0347,Industrial,152.58,60.4,260,2897,A+
B0348,Commercial,456.54,71.58,23,4497,C
B0349,Industrial,100.34,82.82,47,3888,C
B0350,Residential,100.03,74.27,119,1679,A
B0351,Residential,319.11,58.81,219,1474,B
B0352,Residential,153.74,43.89,87,3658,A
B0353,Residential,130.69,83.4,213,4856,A+
B0354,Residential,359.04,110.96,34,2901,A
B0355,Industrial,232.68,100.77,170,4231,B
B0356,Industrial,270.12,26.21,53,2340,C
B0357,Industrial,158.8,135.63,272,1117,A
B0358,Residential,343.27,57.88,16,837,B
B0359,Commercial,124.24,98.79,167,1640,C
B0360,Residential,122.57,80.55,242,1728,C
B0361,Residential,163.56,29.09,268,2684,A
B0362,Industrial,127.63,66.43,180,2987,A+
B0363,Industrial,451.47,52.07,171,1650,A+
B0364,Industrial,158.25,74.32,239,897,C
B0365,Residential,327.7,96.17,236,4383,A+
B0366,Industrial,467.59,25.43,95,2561,B
B0367,Residential,452.83,5.28,52,4204,A
B0368,Commercial,320.49,131.99,233,1742,A
B0369,Industrial,212.77,71.4,52,1912,A+
B0370,Industrial,469.2,14.49,91,1915,A+
B0371,Residential,353.15,53.51,23,4362,A
B0372,Commercial,197.68,23.01,151,4621,A+
B0373,Commercial,207.32,16.12,247,4273,A
B0374,Residential,128.5,124.56,14,2787,C
B0375,Commercial,463.45,34.76,90,1910,A
B0376,Commercial,69.98,60.27,5,695,C
B0377,Residential,368.39,139.5,256,1937,B
B0378,Commercial,457.6,70.44,123,570,B
B0379,Industrial,221.74,148.7,121,1071,C
B0380,Industrial,447.29,31.56,27,4083,B
B0381,Residential,96.68,73.05,188,1235,A+
B0382,Commercial,404.85,34.26,38,2804,A+
B0383,Commercial,419.93,95.46,295,4012,A+
B0384,Residential,276.82,104.44,267,4871,A
B0385,Residential,465.09,97.19,146,2400,A
B0386,Industrial,276.66,130.38,106,704,C
B0387,Commercial,487.92,103.9,149,2308,B
B0388,Commercial,302.87,148.15,116,3175,A+
B0389,Residential,499.15,13.23,121,4741,B
B0390,Industrial,218.48,104.28,283,4785,C
B0391,Industrial,373.98,82.49,139,3698,C
B0392,Residential,444.22,133.57,182,1098,C
B0393,Industrial,395.48,7.05,238,3868,A
B0394,Commercial,152.15,147.03,208,4536,C
B0395,Commercial,457.78,19.11,72,716,A+
B0396,Commercial,171.17,56.16,163,1773,C
B0397,Commercial,191.86,137.51,150,4256,B
B0398,Industrial,416.36,105.01,172,1951,A+
B0399,Commercial,394.32,50.69,68,3627,B
B0400,Commercial,176.53,49.24,258,647,A
B0401,Commercial,382.4,63.47,76,3947,A+
B0402,Residential,345.47,137.16,11,2439,C
B0403,Industrial,231.65,143.03,78,2752,A+
B0404,Industrial,432.08,132.94,209,1868,A+
B0405,Residential,261.79,8.08,220,814,A
B0406,Residential,350.6,115.92,6,1373,A
B0407,Commercial,487.1,29.42,111,1787,A
B0408,Residential,455.08,29.84,83,1569,A+
B0409,Commercial,458.19,73.79,82,4706,A
B0410,Industrial,347.98,10.25,61,1712,A
B0411,Residential,437.77,5.37,75,1751,A+
B0412,Residential,277.32,117.65,46,716,B
B0413,Residential,151.66,104.57,101,4742,B
B0414,Residential,459.1,21.89,214,1100,C
B0415,Commercial,97.99,139.83,157,1111,A+
B0416,Residential,189.17,141.3,288,1189,A
B0417,Industrial,190.97,102.11,29,2052,B
B0418,Residential,389.18,124.54,298,3199,A
B0419,Commercial,363.02,107.02,58,4032,C
B0420,Residential,398.88,134.48,59,4127,A
B0421,Residential,74.29,87.36,127,2551,A+
B0422,Residential,129.4,108.24,255,2541,C
B0423,Industrial,473.95,38.1,290,2083,A+
B0424,Industrial,208.26,55.68,104,4481,A+
B0425,Industrial,323.98,116.09,199,4458,B
B0426,Commercial,166.44,34.84,216,1190,A
B0427,Residential,320.06,112.28,246,4393,A
B0428,Residential,287.19,8.37,48,4462,A+
B0429,Residential,170.55,50.03,196,2992,A+
B0430,Commercial,245.14,60.01,57,608,A
B0431,Industrial,267.15,79.54,86,4252,B
B0432,Residential,281.47,120.51,254,811,A
B0433,Commercial,498.19,90.43,37,663,A
B0434,Commercial,78.23,55.31,144,2923,C
B0435,Industrial,136.87,84.2,95,2693,C
B0436,Industrial,404.9,47.1,180,4251,A+
B0437,Residential,187.5,99.55,179,3789,A
B0438,Industrial,376.89,98.49,272,1604,A
B0439,Commercial,440.35,113.74,25,1034,C
B0440,Commercial,149.55,94.89,269,4510,C
B0441,Residential,288.5,58.79,179,2305,A+
B0442,Commercial,467.04,65.07,159,4412,A+
B0443,Industrial,58.8,63.86,88,1213,C
B0444,Commercial,435.93,13.9,299,3000,B
B0445,Industrial,353.46,56.31,113,2257,A
B0446,Industrial,434.22,24.06,111,509,B
B0447,Commercial,492.58,71.78,63,4616,A
B0448,Residential,334.17,89.24,221,1008,C
B0449,Industrial,286.11,9.44,292,2114,A
B0450,Commercial,425.74,57.35,185,1659,A
B0451,Industrial,487.53,99.23,209,1470,A
B0452,Residential,464.65,136.59,41,4812,A+
B0453,Industrial,457.13,35.48,265,2425,A
B0454,Residential,223.8,129.37,263,4576,A
B0455,Industrial,432.32,21.72,265,4850,A+
B0456,Industrial,85.88,146.56,259,3434,A
B0457,Residential,209.08,110.92,53,3041,A
B0458,Residential,96.34,127.26,18,3262,A
B0459,Residential,365.54,122.04,54,4915,C
B0460,Industrial,130.88,103.91,216,2182,C
B0461,Residential,283.31,55.11,238,2648,A
B0462,Commercial,318.57,69.07,35,2225,B
B0463,Commercial,292.78,114.35,214,3198,B
B0464,Industrial,251.52,53.86,100,1736,A
B0465,Industrial,75.96,70.43,185,1961,C
B0466,Commercial,324.22,146.2,143,3228,B
B0467,Industrial,252.45,65.07,81,605,B
B0468,Industrial,144.85,129.22,61,3455,C
B0469,Commercial,165.28,132.44,84,1757,C
B0470,Industrial,149.87,72.14,172,789,A
B0471,Commercial,73.79,85.15,147,1962,A+
B0472,Commercial,217.79,70.02,165,558,B
B0473,Residential,92.75,96.78,4,2023,A+
B0474,Industrial,400.31,54.19,148,3113,A+
B0475,Industrial,203.99,141.66,132,3408,A
B0476,Industrial,151.66,74.55,157,770,B
B0477,Industrial,112.1,90.06,298,4878,A+
B0478,Commercial,481.96,124.71,148,3253,C
B0479,Residential,95.5,145.12,199,4643,B
B0480,Industrial,327.31,35.85,144,3416,A
B0481,Industrial,375.45,22.0,204,4554,A+
B0482,Residential,116.11,134.0,250,2093,A
B0483,Industrial,178.18,75.78,173,3452,A+
B0484,Residential,217.95,90.25,18,1141,C
B0485,Industrial,468.74,90.2,156,2992,A
B0486,Commercial,354.96,107.25,275,4577,A
B0487,Commercial,220.63,141.91,106,1407,B
B0488,Industrial,258.76,21.01,211,2906,A+
B0489,Industrial,216.11,31.2,25,3667,A+
B0490,Residential,381.7,67.37,272,4624,A
B0491,Residential,308.63,141.82,243,2255,B
B0492,Industrial,244.7,46.11,106,3331,C
B0493,Residential,427.17,17.53,230,3162,C
B0494,Commercial,295.35,34.1,31,2875,B
B0495,Residential,474.09,144.57,125,4167,C
B0496,Industrial,183.68,91.49,243,823,A
B0497,Industrial,137.44,19.25,138,1316,B
B0498,Commercial,104.25,91.33,224,4338,C
B0499,Industrial,237.09,106.18,119,3766,A+
B0500,Residential,73.14,29.03,206,3573,B
B0501,Industrial,160.0,93.23,100,1555,A
B0502,Industrial,130.28,109.25,13,3870,B
B0503,Industrial,473.9,124.56,151,3949,B
B0504,Commercial,174.93,20.56,68,4061,B
B0505,Industrial,83.58,74.7,138,4488,A
B0506,Commercial,309.59,118.66,200,1668,C
B0507,Residential,230.69,110.43,215,3367,A
B0508,Commercial,56.28,17.77,62,4346,A+
B0509,Commercial,312.24,90.24,256,2188,B
B0510,Industrial,353.35,57.77,267,4532,A+
B0511,Residential,434.14,59.63,147,2377,B
B0512,Residential,429.57,58.85,278,1904,A
B0513,Commercial,125.42,9.58,243,2946,C
B0514,Commercial,173.98,9.86,48,1748,C
B0515,Industrial,95.13,115.78,57,851,A
B0516,Residential,154.29,113.89,27,958,B
B0517,Commercial,282.7,53.96,194,1342,A
B0518,Residential,97.3,148.23,250,817,A
B0519,Industrial,157.53,9.26,162,2338,B
B0520,Industrial,93.6,82.73,115,1429,C
B0521,Residential,227.87,89.26,234,4164,A
B0522,Commercial,125.58,97.49,188,2992,A+
B0523,Commercial,137.19,22.14,251,4006,A
B0524,Industrial,87.79,41.18,267,1761,C
B0525,Industrial,214.84,97.91,295,2418,A
B0526,Residential,60.54,68.91,84,4532,C
B0527,Residential,248.07,55.51,165,4446,C
B0528,Industrial,274.99,135.81,250,3902,B
B0529,Commercial,291.92,103.82,184,2900,A
B0530,Commercial,230.77,34.85,162,2439,A+
B0531,Residential,297.66,41.48,39,4960,A
B0532,Commercial,308.48,73.96,79,1225,B
B0533,Residential,402.76,24.74,142,1726,A+
B0534,Residential,381.37,84.98,56,708,A
B0535,Industrial,494.28,137.37,172,2275,A
B0536,Residential,386.59,63.33,291,1491,A+
B0537,Residential,173.61,115.49,61,3409,A+
B0538,Commercial,206.95,136.15,50,2509,A+
B0539,Commercial,188.4,36.79,161,4307,B
B0540,Commercial,308.83,87.0,205,532,B
B0541,Residential,300.67,101.69,78,4020,C
B0542,Residential,434.46,143.12,15,839,A+
B0543,Residential,196.88,10.23,72,1735,B
B0544,Residential,170.99,42.3,66,2540,A
B0545,Commercial,450.99,146.91,161,1911,A
B0546,Industrial,445.18,120.04,52,1478,B
B0547,Commercial,365.05,32.66,108,1574,A
B0548,Industrial,151.99,141.47,259,1358,A+
B0549,Commercial,203.43,145.99,232,2831,A+
B0550,Industrial,55.09,123.51,279,2705,C
B0551,Industrial,262.11,114.43,48,4722,B
B0552,Commercial,193.75,34.86,3,4417,C
B0553,Residential,52.38,108.73,267,1139,A
B0554,Industrial,482.73,96.34,249,4725,A+
B0555,Commercial,343.38,79.82,201,958,A
B0556,Residential,181.36,64.01,237,2961,B
B0557,Industrial,98.77,113.48,294,4963,A+
B0558,Industrial,470.26,112.6,84,1010,B
B0559,Residential,403.68,26.65,76,790,C
B0560,Residential,411.11,102.17,223,751,A+
B0561,Residential,390.47,81.38,264,1726,A
B0562,Industrial,477.29,18.58,64,2458,B
B0563,Industrial,398.49,113.14,192,4028,C
B0564,Residential,382.23,127.31,236,3391,C
B0565,Commercial,55.42,27.32,120,1272,A+
B0566,Industrial,97.24,130.47,113,2757,A+
B0567,Industrial,433.34,46.68,254,3280,C
B0568,Commercial,259.25,58.82,182,1270,A+
B0569,Industrial,77.74,42.37,183,2152,B
B0570,Industrial,452.06,13.63,128,946,C
B0571,Commercial,266.71,97.81,219,1023,A+
B0572,Residential,455.6,91.44,178,3077,C
B0573,Industrial,247.88,78.16,215,4712,B
B0574,Industrial,325.84,53.7,293,1770,A
B0575,Industrial,144.41,43.55,229,4312,A
B0576,Residential,61.17,37.3,96,589,C
B0577,Industrial,240.81,30.25,203,3953,B
B0578,Commercial,91.16,46.25,49,616,A+
B0579,Commercial,61.77,98.34,3,2861,A+
B0580,Residential,255.55,141.84,126,979,A+
B0581,Industrial,58.89,127.04,174,2303,A
B0582,Residential,226.49,106.23,294,2571,A
B0583,Industrial,147.94,57.55,72,3269,C
B0584,Residential,111.47,101.22,158,3404,A+
B0585,Commercial,221.24,89.37,266,3715,A+
B0586,Residential,403.33,145.8,3,2336,B
B0587,Residential,364.53,91.74,195,1663,B
B0588,Industrial,384.22,42.64,240,1692,A
B0589,Industrial,223.75,32.25,67,2028,A+
B0590,Residential,91.25,137.58,26,3351,B
B0591,Industrial,151.72,39.86,249,3796,A+
B0592,Industrial,400.86,84.0,230,2312,B
B0593,Commercial,379.83,74.03,262,2534,B
B0594,Industrial,362.46,123.43,10,3680,A+
B0595,Residential,463.16,8.76,217,4662,C
B0596,Commercial,386.13,108.68,232,1414,A+
B0597,Industrial,429.94,95.58,286,1536,A
B0598,Industrial,209.8,83.57,81,3672,A
B0599,Residential,402.22,140.61,165,641,A
B0600,Industrial,396.87,13.93,154,4173,C
B0601,Residential,109.93,46.85,34,1966,A+
B0602,Industrial,80.2,148.82,277,3539,A+
B0603,Residential,420.51,78.43,134,3165,A+
B0604,Industrial,245.89,130.17,282,603,A+
B0605,Residential,415.93,19.19,155,3791,C
B0606,Residential,100.5,54.65,116,3973,A+
B0607,Commercial,408.61,5.42,69,3924,C
B0608,Industrial,155.21,35.99,146,3843,A
B0609,Residential,213.92,57.53,248,1281,A+
B0610,Commercial,82.47,24.26,216,1542,A
B0611,Industrial,231.52,138.67,67,3608,B
B0612,Commercial,418.87,17.47,86,602,B
B0613,Industrial,307.65,147.52,12,3946,B
B0614,Residential,439.24,148.45,115,2626,C
B0615,Residential,245.79,148.06,159,2252,A+
B0616,Commercial,234.9,69.54,142,2227,A+
B0617,Industrial,307.21,148.45,205,957,B
B0618,Residential,386.41,45.87,239,2311,C
B0619,Residential,326.25,89.95,79,3805,A
B0620,Commercial,194.33,123.76,257,3900,A+
B0621,Industrial,407.42,109.69,221,2021,C
B0622,Industrial,425.55,76.22,122,3162,A
B0623,Industrial,443.96,102.64,177,3575,C
B0624,Commercial,135.93,11.17,18,3463,A+
B0625,Residential,244.24,86.06,142,4021,C
B0626,Commercial,167.42,118.68,247,2758,A+
B0627,Commercial,174.35,10.08,295,1504,A
B0628,Residential,288.17,120.27,127,4082,A
B0629,Residential,268.9,124.98,220,2058,A+
B0630,Industrial,224.71,43.24,43,577,C
B0631,Commercial,290.38,113.03,202,1472,A+
B0632,Industrial,477.79,129.68,17,1748,A
B0633,Commercial,434.42,23.0,216,4160,A+
B0634,Residential,297.76,39.58,39,4388,A
B0635,Residential,84.67,48.8,141,1537,B
B0636,Commercial,480.84,33.19,87,877,A
B0637,Industrial,336.43,107.78,133,3282,A
B0638,Residential,360.59,144.64,189,4254,A
B0639,Commercial,130.58,8.51,86,2895,C
B0640,Residential,352.68,5.47,165,4420,C
B0641,Residential,95.38,65.3,48,1391,B
B0642,Commercial,306.27,11.8,65,1432,A
B0643,Commercial,283.73,134.31,128,1454,A
B0644,Residential,102.16,9.49,140,2317,C
B0645,Commercial,304.73,18.05,94,2512,B
B0646,Commercial,301.36,72.74,243,3947,A
B0647,Commercial,337.9,111.58,273,1904,A
B0648,Residential,175.44,28.0,190,4331,A
B0649,Industrial,68.06,56.79,111,2902,C
B0650,Industrial,134.91,80.97,35,3328,C
B0651,Residential,130.47,146.15,75,1589,B
B0652,Commercial,102.85,88.49,33,2873,A+
B0653,Commercial,268.05,142.18,224,2134,B
B0654,Commercial,268.02,106.39,86,1010,C
B0655,Industrial,111.0,137.91,285,3242,A+
B0656,Commercial,192.03,16.01,183,4325,B
B0657,Residential,487.46,69.79,229,2475,A
B0658,Commercial,59.94,69.22,121,3739,A+
B0659,Commercial,443.68,69.59,137,1733,A
B0660,Industrial,451.08,120.76,261,4949,B
B0661,Commercial,442.95,143.88,150,2615,C
B0662,Residential,433.43,75.01,104,3638,A+
B0663,Residential,276.76,88.09,192,3533,B
B0664,Residential,262.56,7.04,179,4072,B
B0665,Industrial,122.03,112.25,241,1312,B
B0666,Residential,467.37,17.33,173,2364,B
B0667,Industrial,199.39,5.95,7,4614,A+
B0668,Commercial,154.2,118.26,38,683,B
B0669,Residential,178.77,67.08,39,4988,A+
B0670,Commercial,259.04,74.75,185,2016,A
B0671,Industrial,339.59,86.87,45,4919,A+
B0672,Residential,255.77,77.0,167,3007,C
B0673,Commercial,443.02,20.5,259,4137,A+
B0674,Commercial,270.06,137.48,261,1443,A
B0675,Industrial,150.75,118.95,27,2711,A
B0676,Residential,250.8,123.49,102,1529,A
B0677,Industrial,271.38,124.17,290,4121,A
B0678,Commercial,256.52,81.75,194,739,C
B0679,Residential,64.24,39.35,29,4625,A
B0680,Commercial,392.29,114.36,255,1619,B
B0681,Industrial,486.34,119.54,65,641,A
B0682,Residential,227.7,83.01,120,589,C
B0683,Commercial,230.75,80.33,252,968,A
B0684,Commercial,356.11,102.13,113,873,C
B0685,Residential,451.73,56.88,2,2062,A
B0686,Residential,288.76,125.21,298,3009,A+
B0687,Commercial,284.58,129.75,160,3410,C
B0688,Industrial,374.59,72.05,72,1410,B
B0689,Commercial,245.63,137.36,217,1519,C
B0690,Residential,405.39,84.6,291,3442,A+
B0691,Industrial,445.9,15.09,100,4343,C
B0692,Industrial,303.61,37.7,103,4497,C
B0693,Industrial,437.46,101.85,56,1431,C
B0694,Commercial,188.86,123.42,237,3384,B
B0695,Industrial,456.16,96.56,127,2796,B
B0696,Residential,129.69,107.1,56,4671,B
B0697,Industrial,463.53,139.33,214,1431,C
B0698,Industrial,181.8,67.05,165,2349,B
B0699,Industrial,111.06,71.21,202,4732,A+
B0700,Industrial,488.76,78.6,78,3596,A+
B0701,Residential,490.22,30.31,37,4480,B
B0702,Residential,456.03,5.79,96,3352,C
B0703,Residential,160.87,6.92,288,4788,A
B0704,Commercial,291.78,16.28,138,1587,A+
B0705,Residential,468.28,13.96,131,3378,C
B0706,Industrial,351.5,28.55,221,3401,A
B0707,Residential,134.63,130.7,161,2979,B
B0708,Industrial,79.09,80.7,82,4541,A
B0709,Residential,137.83,96.71,29,963,A+
B0710,Residential,170.72,52.42,96,4956,B
B0711,Industrial,174.37,56.13,8,1401,B
B0712,Residential,50.11,130.9,273,706,C
B0713,Industrial,493.59,25.04,2,2489,C
B0714,Commercial,406.44,46.79,85,4920,A
B0715,Commercial,290.67,89.41,285,1669,A
B0716,Residential,428.95,24.8,46,1870,A+
B0717,Industrial,101.47,147.66,274,2535,A+
B0718,Residential,152.37,74.9,218,2683,C
B0719,Industrial,229.38,148.16,219,4839,B
B0720,Commercial,342.55,75.67,91,574,A+
B0721,Residential,301.99,143.02,282,4829,A
B0722,Commercial,256.72,116.86,262,1157,B
B0723,Commercial,132.89,134.58,229,1935,A
B0724,Residential,476.79,14.41,39,2997,C
B0725,Residential,200.92,6.38,69,2715,C
B0726,Residential,242.07,60.68,77,2155,A
B0727,Commercial,65.4,135.4,99,3872,C
B0728,Commercial,419.46,125.62,78,1000,C
B0729,Residential,71.5,105.1,11,3468,A+
B0730,Commercial,54.11,91.15,279,4241,A
B0731,Commercial,456.43,75.79,179,4064,B
B0732,Industrial,398.94,96.33,207,625,A
B0733,Commercial,444.47,63.39,239,4452,C
B0734,Industrial,476.73,107.42,95,4208,A+
B0735,Commercial,309.11,47.32,199,4782,A
B0736,Residential,369.48,5.92,237,3153,A+
B0737,Commercial,77.25,22.61,20,3883,B
B0738,Residential,307.85,82.93,17,2968,B
B0739,Commercial,292.46,46.11,76,3215,C
B0740,Commercial,393.68,72.2,251,2771,B
B0741,Residential,397.14,83.47,13,1090,C
B0742,Commercial,362.49,94.32,86,1307,C
B0743,Industrial,418.23,72.52,211,1311,B
B0744,Residential,465.11,8.17,184,701,B
B0745,Residential,365.85,18.19,12,3763,A+
B0746,Industrial,499.76,132.47,85,1490,B
B0747,Commercial,320.43,62.46,259,1908,C
B0748,Residential,494.16,31.65,234,3330,A
B0749,Residential,447.15,47.41,61,3068,A
B0750,Industrial,300.44,107.39,26,3028,B
B0751,Residential,164.77,145.95,44,867,A
B0752,Industrial,203.16,100.89,49,1038,C
B0753,Residential,165.93,51.83,227,2086,A+
B0754,Commercial,471.72,58.32,180,4075,A+
B0755,Industrial,160.38,49.8,149,4677,C
B0756,Industrial,226.76,134.17,2,4896,A+
B0757,Residential,250.48,113.43,148,4414,A
B0758,Industrial,234.2,51.98,186,1296,A+
B0759,Residential,279.95,107.86,291,925,A+
B0760,Residential,381.3,125.4,31,4021,B
B0761,Industrial,434.94,121.58,133,3423,C
B0762,Industrial,400.2,60.54,214,4837,A
B0763,Commercial,301.38,39.68,281,2948,C
B0764,Commercial,85.63,145.35,252,2805,C
B0765,Industrial,233.49,55.52,158,4341,C
B0766,Commercial,337.81,115.82,65,4689,A
B0767,Commercial,473.45,50.79,230,4913,B
B0768,Residential,356.21,48.7,277,1360,A
B0769,Residential,377.5,141.17,275,4863,A+
B0770,Residential,221.65,62.38,68,1187,C
B0771,Residential,297.07,82.01,80,3377,A
B0772,Commercial,494.75,39.08,231,2743,A
B0773,Industrial,314.41,21.9,174,1191,A
B0774,Residential,126.61,126.95,51,4172,B
B0775,Industrial,475.99,74.13,259,1138,B
B0776,Residential,103.5,77.62,23,4357,A+
B0777,Residential,379.74,106.18,194,3687,C
B0778,Residential,246.11,103.51,155,619,C
B0779,Industrial,181.59,121.96,103,2737,C
B0780,Residential,486.21,147.15,104,3020,B
B0781,Industrial,251.53,103.36,247,3500,C
B0782,Commercial,366.99,29.35,81,3640,A
B0783,Residential,296.72,42.93,152,1979,A+
B0784,Industrial,410.54,104.81,54,4489,A
B0785,Residential,143.91,55.45,166,2616,A+
B0786,Residential,225.29,95.08,47,4733,B
B0787,Industrial,311.0,29.14,135,4233,C
B0788,Industrial,71.81,19.23,242,3058,A
B0789,Residential,401.26,60.0,28,4787,B
B0790,Commercial,338.35,134.78,254,2207,B
B0791,Residential,185.36,119.03,292,846,A+
B0792,Commercial,129.69,68.45,128,4270,C
B0793,Commercial,80.25,131.68,233,1389,A+
B0794,Commercial,416.77,119.0,291,3290,A+
B0795,Commercial,302.14,12.39,271,3016,A
B0796,Residential,140.47,46.58,113,2964,A+
B0797,Commercial,465.3,10.62,85,3792,B
B0798,Residential,228.72,62.44,15,1347,B
B0799,Commercial,188.26,91.49,63,764,A
B0800,Residential,96.89,51.2,24,2272,B
B0801,Commercial,412.24,7.94,151,1885,B
B0802,Residential,123.37,122.51,219,1740,B
B0803,Commercial,174.27,95.53,220,603,B
B0804,Commercial,212.44,36.05,146,1780,B
B0805,Industrial,121.49,69.6,206,2788,A+
B0806,Commercial,321.82,53.94,252,1198,A+
B0807,Commercial,205.83,47.74,266,2831,B
B0808,Commercial,419.63,63.22,61,2639,A+
B0809,Commercial,150.29,34.24,287,619,A
B0810,Industrial,475.06,47.91,240,4021,B
B0811,Commercial,238.79,146.31,186,3811,A
B0812,Industrial,365.42,101.61,84,1665,B
B0813,Commercial,177.88,5.31,88,4762,B
B0814,Commercial,88.08,103.81,297,1992,B
B0815,Commercial,453.93,28.23,99,1952,A+
B0816,Residential,254.52,126.06,223,1699,A+
B0817,Commercial,330.49,119.36,115,4045,A+
B0818,Industrial,290.71,126.89,137,3908,A+
B0819,Industrial,130.16,98.59,195,663,A
B0820,Commercial,452.36,18.3,88,1963,B
B0821,Commercial,380.81,63.54,250,4477,B
B0822,Commercial,338.64,60.82,204,4697,A
B0823,Commercial,308.68,64.74,179,2813,A+
B0824,Commercial,205.87,137.18,20,591,A
B0825,Industrial,84.52,70.17,58,4656,A
B0826,Residential,240.85,131.39,40,4898,C
B0827,Commercial,102.22,144.49,114,2492,A+
B0828,Commercial,256.5,49.19,161,4284,B
B0829,Commercial,217.28,118.53,135,1281,B
B0830,Industrial,447.31,34.77,236,3472,C
B0831,Commercial,440.12,97.31,279,2475,A
B0832,Commercial,165.31,109.99,156,873,A
B0833,Industrial,252.29,25.59,9,2712,B
B0834,Commercial,408.58,28.42,48,2915,A
B0835,Residential,64.58,40.84,152,2063,A
B0836,Commercial,470.1,93.27,287,976,C
B0837,Industrial,451.9,36.08,177,3167,A
B0838,Residential,170.93,58.51,178,879,C
B0839,Industrial,423.88,148.21,147,3996,A
B0840,Residential,256.37,91.98,82,1424,B
B0841,Residential,268.46,65.58,85,4230,C
B0842,Commercial,339.2,91.16,102,4628,A+
B0843,Commercial,249.8,44.72,94,513,B
B0844,Residential,294.76,83.28,266,1629,C
B0845,Commercial,393.78,67.92,215,3367,C
B0846,Commercial,361.86,14.03,151,3769,A
B0847,Commercial,350.17,9.83,205,1172,C
B0848,Commercial,365.76,32.08,259,799,A+
B0849,Industrial,210.03,134.47,288,686,A
B0850,Residential,449.06,7.15,129,2898,A
B0851,Industrial,495.78,72.07,243,1906,A
B0852,Industrial,334.76,85.39,71,4103,A+
B0853,Commercial,118.52,54.13,271,4501,B
B0854,Industrial,221.72,135.05,279,4477,B
B0855,Residential,346.92,103.58,145,4041,B
B0856,Residential,314.11,49.12,161,1112,C
B0857,Commercial,65.0,73.38,189,2699,C
B0858,Residential,328.98,93.82,271,2127,A+
B0859,Industrial,362.23,18.53,188,2753,B
B0860,Industrial,259.3,24.2,107,3982,A
B0861,Industrial,55.44,72.21,298,1291,A
B0862,Commercial,96.64,126.47,186,2176,A
B0863,Commercial,367.63,66.66,262,977,C
B0864,Residential,415.61,111.97,134,2994,C
B0865,Commercial,260.62,133.36,159,2253,A
B0866,Industrial,122.88,111.48,87,2368,C
B0867,Industrial,140.78,133.02,36,1117,B
B0868,Commercial,270.77,89.94,54,4724,A+
B0869,Commercial,222.96,91.71,132,4049,A+
B0870,Residential,445.45,140.95,233,3868,B
B0871,Industrial,447.09,53.89,21,4336,B
B0872,Commercial,55.56,96.27,23,1337,C
B0873,Residential,351.23,62.49,34,3543,A
B0874,Commercial,219.25,52.31,218,3758,A+
B0875,Commercial,335.28,148.94,268,2940,A+
B0876,Commercial,484.91,149.83,210,4272,A+
B0877,Commercial,158.08,8.44,140,1162,B
B0878,Industrial,320.44,57.81,74,4790,A+
B0879,Commercial,337.73,56.1,169,4816,B
B0880,Industrial,355.12,90.44,280,3530,B
B0881,Residential,149.54,147.27,181,3439,A+
B0882,Industrial,488.5,16.98,115,857,A
B0883,Commercial,129.45,103.58,258,658,A
B0884,Commercial,231.02,142.25,164,528,A+
B0885,Residential,152.21,138.06,249,1097,A
B0886,Industrial,440.17,136.4,35,4546,A+
B0887,Industrial,434.03,94.39,257,1848,A
B0888,Industrial,387.1,117.85,10,4101,A+
B0889,Residential,300.58,121.89,184,3410,C
B0890,Residential,126.07,36.73,278,2374,C
B0891,Industrial,97.0,146.88,84,810,A+
B0892,Commercial,236.07,147.1,57,4903,C
B0893,Industrial,452.62,124.88,185,2398,B
B0894,Residential,205.49,19.13,221,3680,C
B0895,Commercial,68.1,111.78,41,4749,B
B0896,Residential,114.13,123.89,187,1148,B
B0897,Residential,168.37,70.94,128,1159,C
B0898,Industrial,260.44,149.25,1,805,C
B0899,Industrial,263.51,130.24,100,3197,B
B0900,Commercial,139.37,63.29,1,3409,B
B0901,Commercial,454.13,11.16,267,2297,A+
B0902,Industrial,389.97,5.82,181,1816,C
B0903,Industrial,450.3,77.13,48,2854,C
B0904,Commercial,168.23,14.29,248,2003,A
B0905,Industrial,426.06,75.18,89,4460,B
B0906,Industrial,483.47,42.74,191,1198,A+
B0907,Commercial,125.24,96.43,5,2344,B
B0908,Industrial,397.05,109.58,63,2116,A
B0909,Commercial,359.42,5.29,246,2119,B
B0910,Commercial,117.36,69.07,130,3067,A
B0911,Residential,431.78,140.35,2,3804,A+
B0912,Industrial,82.59,25.08,161,2954,B
B0913,Residential,254.15,68.74,205,3188,C
B0914,Commercial,266.61,127.56,147,1475,A
B0915,Industrial,214.45,24.95,163,894,A
B0916,Commercial,384.0,12.4,90,3905,A
B0917,Industrial,382.58,12.09,11,2182,A
B0918,Residential,347.33,149.82,235,3482,B
B0919,Industrial,196.53,57.6,149,2044,C
B0920,Commercial,383.12,13.66,1,4333,A
B0921,Industrial,260.74,98.07,112,4335,A+
B0922,Industrial,137.45,137.7,220,1882,B
B0923,Commercial,73.51,128.74,278,4843,A+
B0924,Commercial,467.46,70.95,141,4261,C
B0925,Commercial,426.1,121.09,12,1740,A
B0926,Residential,188.07,76.31,43,1024,C
B0927,Commercial,438.19,45.9,156,4344,C
B0928,Residential,222.77,46.28,106,1859,B
B0929,Commercial,203.93,133.46,132,3596,C
B0930,Industrial,440.09,66.76,19,4807,B
B0931,Industrial,119.65,125.44,283,3992,B
B0932,Industrial,496.8,81.28,115,4837,A
B0933,Residential,100.66,120.7,230,2142,A+
B0934,Commercial,165.71,149.88,133,1849,C
B0935,Commercial,476.81,134.39,285,4093,A
B0936,Commercial,381.33,125.1,33,3454,A+
B0937,Residential,267.65,75.0,74,1285,A
B0938,Industrial,258.91,42.66,175,3594,A
B0939,Commercial,364.51,60.34,98,3397,A
B0940,Residential,445.88,29.79,255,3690,A+
B0941,Residential,65.66,115.43,234,2765,C
B0942,Commercial,327.97,39.76,120,1931,C
B0943,Industrial,389.74,53.99,167,964,A
B0944,Industrial,128.24,123.73,144,1501,B
B0945,Residential,397.64,74.9,284,4308,A
B0946,Industrial,400.87,92.11,276,4882,A+
B0947,Residential,307.45,122.05,270,665,C
B0948,Commercial,51.16,92.7,235,3920,C
B0949,Residential,104.2,110.42,112,801,C
B0950,Commercial,488.62,66.95,6,2751,A
B0951,Commercial,378.75,109.6,252,2401,A+
B0952,Residential,177.26,129.95,79,2806,A
B0953,Industrial,95.03,71.89,287,2799,C
B0954,Commercial,142.33,104.26,119,3468,C
B0955,Residential,82.02,108.98,141,3981,C
B0956,Residential,279.78,120.38,281,2260,B
B0957,Commercial,300.18,104.85,54,568,C
B0958,Industrial,240.1,101.22,240,4723,A+
B0959,Industrial,109.58,75.45,1,4755,A
B0960,Industrial,92.06,44.17,158,4642,C
B0961,Industrial,51.41,77.35,78,4506,A+
B0962,Commercial,130.36,26.31,270,4038,C
B0963,Residential,150.36,61.38,147,2670,C
B0964,Industrial,476.88,57.33,297,2397,B
B0965,Residential,182.46,18.98,24,3738,B
B0966,Residential,157.54,132.38,236,3292,C
B0967,Residential,222.95,108.84,87,974,A+
B0968,Industrial,313.43,23.6,7,870,B
B0969,Industrial,464.04,54.64,7,734,C
B0970,Commercial,470.3,55.25,181,3820,C
B0971,Industrial,214.91,21.19,189,3996,B
B0972,Residential,496.42,30.53,46,2697,A+
B0973,Industrial,254.8,139.19,200,1125,A
B0974,Industrial,424.03,106.31,126,3106,A
B0975,Commercial,412.03,95.3,94,2134,A+
B0976,Residential,410.66,15.76,296,3998,B
B0977,Residential,225.67,102.16,134,1447,A
B0978,Industrial,76.89,50.21,170,3920,C
B0979,Commercial,456.02,92.79,204,4040,B
B0980,Residential,129.31,111.84,247,3129,A+
B0981,Commercial,309.79,39.3,293,2914,B
B0982,Residential,446.83,41.0,75,1391,A
B0983,Commercial,282.89,91.7,161,4077,C
B0984,Industrial,280.76,145.04,143,2471,B
B0985,Commercial,418.12,6.09,46,2271,A
B0986,Commercial,322.19,123.77,66,718,A
B0987,Residential,91.96,8.34,219,1211,B
B0988,Industrial,192.16,35.23,277,4753,A
B0989,Residential,194.36,137.37,96,1156,C
B0990,Residential,439.32,113.58,129,932,A
B0991,Residential,380.59,144.89,218,2129,C
B0992,Industrial,212.2,6.83,208,1332,C
B0993,Residential,173.54,77.51,196,1373,B
B0994,Industrial,429.94,120.72,279,4736,C
B0995,Residential,92.58,99.3,167,3191,A
B0996,Residential,116.5,56.17,235,1807,A
B0997,Commercial,270.25,8.64,16,2857,C
B0998,Residential,464.39,5.36,222,2824,C
B0999,Residential,470.37,96.77,30,3661,C
B1000,Commercial,487.05,147.75,16,3053,A
